"treatmentid","siteid","restorationtype","tsr_start_year","trt_year","trt_tsr","treatmentmonth","treatment_category","treatment_type"
"4_10",129,"seeding",2005,2005,0,4,"invasion control","mowing"
"4_100",134,"seeding",2005,2005,0,4,"invasion control","mowing"
"4_101",134,"seeding",2005,2005,0,4,"invasion control","mowing"
"4_102",134,"seeding",2005,2005,0,4,"invasion control","mowing"
"4_103",134,"passive",2005,2005,0,4,"invasion control","mowing"
"4_104",134,"seeding",2005,2005,0,4,"invasion control","mowing"
"4_104",134,"seeding",2005,2005,26,10,"invasion control","mowing"
"4_104",134,"seeding",2005,2006,52,4,"invasion control","mowing"
"4_104",134,"seeding",2005,2006,78,10,"invasion control","mowing"
"4_104",134,"seeding",2005,2007,104,4,"invasion control","mowing"
"4_104",134,"seeding",2005,2007,130,10,"invasion control","mowing"
"4_104",134,"seeding",2005,2008,157,4,"invasion control","mowing"
"4_104",134,"seeding",2005,2008,183,10,"invasion control","mowing"
"4_105",134,"seeding",2005,2005,0,4,"invasion control","mowing"
"4_105",134,"seeding",2005,2005,26,10,"invasion control","mowing"
"4_105",134,"seeding",2005,2006,52,4,"invasion control","mowing"
"4_105",134,"seeding",2005,2006,78,10,"invasion control","mowing"
"4_105",134,"seeding",2005,2007,104,4,"invasion control","mowing"
"4_105",134,"seeding",2005,2007,130,10,"invasion control","mowing"
"4_105",134,"seeding",2005,2008,157,4,"invasion control","mowing"
"4_105",134,"seeding",2005,2008,183,10,"invasion control","mowing"
"4_106",134,"seeding",2005,2005,0,4,"invasion control","mowing"
"4_106",134,"seeding",2005,2005,26,10,"invasion control","mowing"
"4_106",134,"seeding",2005,2006,52,4,"invasion control","mowing"
"4_106",134,"seeding",2005,2006,78,10,"invasion control","mowing"
"4_106",134,"seeding",2005,2007,104,4,"invasion control","mowing"
"4_106",134,"seeding",2005,2007,130,10,"invasion control","mowing"
"4_106",134,"seeding",2005,2008,157,4,"invasion control","mowing"
"4_106",134,"seeding",2005,2008,183,10,"invasion control","mowing"
"4_107",134,"passive",2005,2005,0,4,"invasion control","mowing"
"4_107",134,"passive",2005,2005,26,10,"invasion control","mowing"
"4_107",134,"passive",2005,2006,52,4,"invasion control","mowing"
"4_107",134,"passive",2005,2006,78,10,"invasion control","mowing"
"4_107",134,"passive",2005,2007,104,4,"invasion control","mowing"
"4_107",134,"passive",2005,2007,130,10,"invasion control","mowing"
"4_107",134,"passive",2005,2008,157,4,"invasion control","mowing"
"4_107",134,"passive",2005,2008,183,10,"invasion control","mowing"
"4_108",134,"seeding",2005,2005,26,10,"invasion control","mowing"
"4_108",134,"seeding",2005,2006,78,10,"invasion control","mowing"
"4_108",134,"seeding",2005,2007,130,10,"invasion control","mowing"
"4_108",134,"seeding",2005,2008,183,10,"invasion control","mowing"
"4_109",134,"seeding",2005,2005,26,10,"invasion control","mowing"
"4_109",134,"seeding",2005,2006,78,10,"invasion control","mowing"
"4_109",134,"seeding",2005,2007,130,10,"invasion control","mowing"
"4_109",134,"seeding",2005,2008,183,10,"invasion control","mowing"
"4_11",129,"seeding",2005,2005,0,4,"invasion control","mowing"
"4_110",134,"seeding",2005,2005,26,10,"invasion control","mowing"
"4_110",134,"seeding",2005,2006,78,10,"invasion control","mowing"
"4_110",134,"seeding",2005,2007,130,10,"invasion control","mowing"
"4_110",134,"seeding",2005,2008,183,10,"invasion control","mowing"
"4_111",134,"passive",2005,2005,26,10,"invasion control","mowing"
"4_111",134,"passive",2005,2006,78,10,"invasion control","mowing"
"4_111",134,"passive",2005,2007,130,10,"invasion control","mowing"
"4_111",134,"passive",2005,2008,183,10,"invasion control","mowing"
"4_12",129,"seeding",2005,2005,0,4,"invasion control","mowing"
"4_120",135,"seeding",2005,2005,0,4,"invasion control","mowing"
"4_121",135,"seeding",2005,2005,0,4,"invasion control","mowing"
"4_122",135,"seeding",2005,2005,0,4,"invasion control","mowing"
"4_123",135,"passive",2005,2005,0,4,"invasion control","mowing"
"4_124",135,"seeding",2005,2005,0,4,"invasion control","mowing"
"4_124",135,"seeding",2005,2005,26,10,"invasion control","mowing"
"4_124",135,"seeding",2005,2006,52,4,"invasion control","mowing"
"4_124",135,"seeding",2005,2006,78,10,"invasion control","mowing"
"4_124",135,"seeding",2005,2007,104,4,"invasion control","mowing"
"4_124",135,"seeding",2005,2007,130,10,"invasion control","mowing"
"4_124",135,"seeding",2005,2008,157,4,"invasion control","mowing"
"4_124",135,"seeding",2005,2008,183,10,"invasion control","mowing"
"4_125",135,"seeding",2005,2005,0,4,"invasion control","mowing"
"4_125",135,"seeding",2005,2005,26,10,"invasion control","mowing"
"4_125",135,"seeding",2005,2006,52,4,"invasion control","mowing"
"4_125",135,"seeding",2005,2006,78,10,"invasion control","mowing"
"4_125",135,"seeding",2005,2007,104,4,"invasion control","mowing"
"4_125",135,"seeding",2005,2007,130,10,"invasion control","mowing"
"4_125",135,"seeding",2005,2008,157,4,"invasion control","mowing"
"4_125",135,"seeding",2005,2008,183,10,"invasion control","mowing"
"4_126",135,"seeding",2005,2005,0,4,"invasion control","mowing"
"4_126",135,"seeding",2005,2005,26,10,"invasion control","mowing"
"4_126",135,"seeding",2005,2006,52,4,"invasion control","mowing"
"4_126",135,"seeding",2005,2006,78,10,"invasion control","mowing"
"4_126",135,"seeding",2005,2007,104,4,"invasion control","mowing"
"4_126",135,"seeding",2005,2007,130,10,"invasion control","mowing"
"4_126",135,"seeding",2005,2008,157,4,"invasion control","mowing"
"4_126",135,"seeding",2005,2008,183,10,"invasion control","mowing"
"4_127",135,"passive",2005,2005,0,4,"invasion control","mowing"
"4_127",135,"passive",2005,2005,26,10,"invasion control","mowing"
"4_127",135,"passive",2005,2006,52,4,"invasion control","mowing"
"4_127",135,"passive",2005,2006,78,10,"invasion control","mowing"
"4_127",135,"passive",2005,2007,104,4,"invasion control","mowing"
"4_127",135,"passive",2005,2007,130,10,"invasion control","mowing"
"4_127",135,"passive",2005,2008,157,4,"invasion control","mowing"
"4_127",135,"passive",2005,2008,183,10,"invasion control","mowing"
"4_128",135,"seeding",2005,2005,26,10,"invasion control","mowing"
"4_128",135,"seeding",2005,2006,78,10,"invasion control","mowing"
"4_128",135,"seeding",2005,2007,130,10,"invasion control","mowing"
"4_128",135,"seeding",2005,2008,183,10,"invasion control","mowing"
"4_129",135,"seeding",2005,2005,26,10,"invasion control","mowing"
"4_129",135,"seeding",2005,2006,78,10,"invasion control","mowing"
"4_129",135,"seeding",2005,2007,130,10,"invasion control","mowing"
"4_129",135,"seeding",2005,2008,183,10,"invasion control","mowing"
"4_13",129,"passive",2005,2005,0,4,"invasion control","mowing"
"4_130",135,"seeding",2005,2005,26,10,"invasion control","mowing"
"4_130",135,"seeding",2005,2006,78,10,"invasion control","mowing"
"4_130",135,"seeding",2005,2007,130,10,"invasion control","mowing"
"4_130",135,"seeding",2005,2008,183,10,"invasion control","mowing"
"4_131",135,"passive",2005,2005,26,10,"invasion control","mowing"
"4_131",135,"passive",2005,2006,78,10,"invasion control","mowing"
"4_131",135,"passive",2005,2007,130,10,"invasion control","mowing"
"4_131",135,"passive",2005,2008,183,10,"invasion control","mowing"
"4_14",129,"seeding",2005,2005,0,4,"invasion control","mowing"
"4_14",129,"seeding",2005,2005,26,10,"invasion control","mowing"
"4_14",129,"seeding",2005,2006,52,4,"invasion control","mowing"
"4_14",129,"seeding",2005,2006,78,10,"invasion control","mowing"
"4_14",129,"seeding",2005,2007,104,4,"invasion control","mowing"
"4_14",129,"seeding",2005,2007,130,10,"invasion control","mowing"
"4_14",129,"seeding",2005,2008,157,4,"invasion control","mowing"
"4_14",129,"seeding",2005,2008,183,10,"invasion control","mowing"
"4_140",136,"seeding",2005,2005,0,4,"invasion control","mowing"
"4_141",136,"seeding",2005,2005,0,4,"invasion control","mowing"
"4_142",136,"seeding",2005,2005,0,4,"invasion control","mowing"
"4_143",136,"passive",2005,2005,0,4,"invasion control","mowing"
"4_144",136,"seeding",2005,2005,0,4,"invasion control","mowing"
"4_144",136,"seeding",2005,2005,26,10,"invasion control","mowing"
"4_144",136,"seeding",2005,2006,52,4,"invasion control","mowing"
"4_144",136,"seeding",2005,2006,78,10,"invasion control","mowing"
"4_144",136,"seeding",2005,2007,104,4,"invasion control","mowing"
"4_144",136,"seeding",2005,2007,130,10,"invasion control","mowing"
"4_144",136,"seeding",2005,2008,157,4,"invasion control","mowing"
"4_144",136,"seeding",2005,2008,183,10,"invasion control","mowing"
"4_145",136,"seeding",2005,2005,0,4,"invasion control","mowing"
"4_145",136,"seeding",2005,2005,26,10,"invasion control","mowing"
"4_145",136,"seeding",2005,2006,52,4,"invasion control","mowing"
"4_145",136,"seeding",2005,2006,78,10,"invasion control","mowing"
"4_145",136,"seeding",2005,2007,104,4,"invasion control","mowing"
"4_145",136,"seeding",2005,2007,130,10,"invasion control","mowing"
"4_145",136,"seeding",2005,2008,157,4,"invasion control","mowing"
"4_145",136,"seeding",2005,2008,183,10,"invasion control","mowing"
"4_146",136,"seeding",2005,2005,0,4,"invasion control","mowing"
"4_146",136,"seeding",2005,2005,26,10,"invasion control","mowing"
"4_146",136,"seeding",2005,2006,52,4,"invasion control","mowing"
"4_146",136,"seeding",2005,2006,78,10,"invasion control","mowing"
"4_146",136,"seeding",2005,2007,104,4,"invasion control","mowing"
"4_146",136,"seeding",2005,2007,130,10,"invasion control","mowing"
"4_146",136,"seeding",2005,2008,157,4,"invasion control","mowing"
"4_146",136,"seeding",2005,2008,183,10,"invasion control","mowing"
"4_147",136,"passive",2005,2005,0,4,"invasion control","mowing"
"4_147",136,"passive",2005,2005,26,10,"invasion control","mowing"
"4_147",136,"passive",2005,2006,52,4,"invasion control","mowing"
"4_147",136,"passive",2005,2006,78,10,"invasion control","mowing"
"4_147",136,"passive",2005,2007,104,4,"invasion control","mowing"
"4_147",136,"passive",2005,2007,130,10,"invasion control","mowing"
"4_147",136,"passive",2005,2008,157,4,"invasion control","mowing"
"4_147",136,"passive",2005,2008,183,10,"invasion control","mowing"
"4_148",136,"seeding",2005,2005,26,10,"invasion control","mowing"
"4_148",136,"seeding",2005,2006,78,10,"invasion control","mowing"
"4_148",136,"seeding",2005,2007,130,10,"invasion control","mowing"
"4_148",136,"seeding",2005,2008,183,10,"invasion control","mowing"
"4_149",136,"seeding",2005,2005,26,10,"invasion control","mowing"
"4_149",136,"seeding",2005,2006,78,10,"invasion control","mowing"
"4_149",136,"seeding",2005,2007,130,10,"invasion control","mowing"
"4_149",136,"seeding",2005,2008,183,10,"invasion control","mowing"
"4_15",129,"seeding",2005,2005,0,4,"invasion control","mowing"
"4_15",129,"seeding",2005,2005,26,10,"invasion control","mowing"
"4_15",129,"seeding",2005,2006,52,4,"invasion control","mowing"
"4_15",129,"seeding",2005,2006,78,10,"invasion control","mowing"
"4_15",129,"seeding",2005,2007,104,4,"invasion control","mowing"
"4_15",129,"seeding",2005,2007,130,10,"invasion control","mowing"
"4_15",129,"seeding",2005,2008,157,4,"invasion control","mowing"
"4_15",129,"seeding",2005,2008,183,10,"invasion control","mowing"
"4_150",136,"seeding",2005,2005,26,10,"invasion control","mowing"
"4_150",136,"seeding",2005,2006,78,10,"invasion control","mowing"
"4_150",136,"seeding",2005,2007,130,10,"invasion control","mowing"
"4_150",136,"seeding",2005,2008,183,10,"invasion control","mowing"
"4_151",136,"passive",2005,2005,26,10,"invasion control","mowing"
"4_151",136,"passive",2005,2006,78,10,"invasion control","mowing"
"4_151",136,"passive",2005,2007,130,10,"invasion control","mowing"
"4_151",136,"passive",2005,2008,183,10,"invasion control","mowing"
"4_16",129,"seeding",2005,2005,0,4,"invasion control","mowing"
"4_16",129,"seeding",2005,2005,26,10,"invasion control","mowing"
"4_16",129,"seeding",2005,2006,52,4,"invasion control","mowing"
"4_16",129,"seeding",2005,2006,78,10,"invasion control","mowing"
"4_16",129,"seeding",2005,2007,104,4,"invasion control","mowing"
"4_16",129,"seeding",2005,2007,130,10,"invasion control","mowing"
"4_16",129,"seeding",2005,2008,157,4,"invasion control","mowing"
"4_16",129,"seeding",2005,2008,183,10,"invasion control","mowing"
"4_160",137,"seeding",2005,2005,0,4,"invasion control","mowing"
"4_161",137,"seeding",2005,2005,0,4,"invasion control","mowing"
"4_162",137,"seeding",2005,2005,0,4,"invasion control","mowing"
"4_163",137,"passive",2005,2005,0,4,"invasion control","mowing"
"4_164",137,"seeding",2005,2005,0,4,"invasion control","mowing"
"4_164",137,"seeding",2005,2005,26,10,"invasion control","mowing"
"4_164",137,"seeding",2005,2006,52,4,"invasion control","mowing"
"4_164",137,"seeding",2005,2006,78,10,"invasion control","mowing"
"4_164",137,"seeding",2005,2007,104,4,"invasion control","mowing"
"4_164",137,"seeding",2005,2007,130,10,"invasion control","mowing"
"4_164",137,"seeding",2005,2008,157,4,"invasion control","mowing"
"4_164",137,"seeding",2005,2008,183,10,"invasion control","mowing"
"4_165",137,"seeding",2005,2005,0,4,"invasion control","mowing"
"4_165",137,"seeding",2005,2005,26,10,"invasion control","mowing"
"4_165",137,"seeding",2005,2006,52,4,"invasion control","mowing"
"4_165",137,"seeding",2005,2006,78,10,"invasion control","mowing"
"4_165",137,"seeding",2005,2007,104,4,"invasion control","mowing"
"4_165",137,"seeding",2005,2007,130,10,"invasion control","mowing"
"4_165",137,"seeding",2005,2008,157,4,"invasion control","mowing"
"4_165",137,"seeding",2005,2008,183,10,"invasion control","mowing"
"4_166",137,"seeding",2005,2005,0,4,"invasion control","mowing"
"4_166",137,"seeding",2005,2005,26,10,"invasion control","mowing"
"4_166",137,"seeding",2005,2006,52,4,"invasion control","mowing"
"4_166",137,"seeding",2005,2006,78,10,"invasion control","mowing"
"4_166",137,"seeding",2005,2007,104,4,"invasion control","mowing"
"4_166",137,"seeding",2005,2007,130,10,"invasion control","mowing"
"4_166",137,"seeding",2005,2008,157,4,"invasion control","mowing"
"4_166",137,"seeding",2005,2008,183,10,"invasion control","mowing"
"4_167",137,"passive",2005,2005,0,4,"invasion control","mowing"
"4_167",137,"passive",2005,2005,26,10,"invasion control","mowing"
"4_167",137,"passive",2005,2006,52,4,"invasion control","mowing"
"4_167",137,"passive",2005,2006,78,10,"invasion control","mowing"
"4_167",137,"passive",2005,2007,104,4,"invasion control","mowing"
"4_167",137,"passive",2005,2007,130,10,"invasion control","mowing"
"4_167",137,"passive",2005,2008,157,4,"invasion control","mowing"
"4_167",137,"passive",2005,2008,183,10,"invasion control","mowing"
"4_168",137,"seeding",2005,2005,26,10,"invasion control","mowing"
"4_168",137,"seeding",2005,2006,78,10,"invasion control","mowing"
"4_168",137,"seeding",2005,2007,130,10,"invasion control","mowing"
"4_168",137,"seeding",2005,2008,183,10,"invasion control","mowing"
"4_169",137,"seeding",2005,2005,26,10,"invasion control","mowing"
"4_169",137,"seeding",2005,2006,78,10,"invasion control","mowing"
"4_169",137,"seeding",2005,2007,130,10,"invasion control","mowing"
"4_169",137,"seeding",2005,2008,183,10,"invasion control","mowing"
"4_17",129,"passive",2005,2005,0,4,"invasion control","mowing"
"4_17",129,"passive",2005,2005,26,10,"invasion control","mowing"
"4_17",129,"passive",2005,2006,52,4,"invasion control","mowing"
"4_17",129,"passive",2005,2006,78,10,"invasion control","mowing"
"4_17",129,"passive",2005,2007,104,4,"invasion control","mowing"
"4_17",129,"passive",2005,2007,130,10,"invasion control","mowing"
"4_17",129,"passive",2005,2008,157,4,"invasion control","mowing"
"4_17",129,"passive",2005,2008,183,10,"invasion control","mowing"
"4_170",137,"seeding",2005,2005,26,10,"invasion control","mowing"
"4_170",137,"seeding",2005,2006,78,10,"invasion control","mowing"
"4_170",137,"seeding",2005,2007,130,10,"invasion control","mowing"
"4_170",137,"seeding",2005,2008,183,10,"invasion control","mowing"
"4_171",137,"passive",2005,2005,26,10,"invasion control","mowing"
"4_171",137,"passive",2005,2006,78,10,"invasion control","mowing"
"4_171",137,"passive",2005,2007,130,10,"invasion control","mowing"
"4_171",137,"passive",2005,2008,183,10,"invasion control","mowing"
"4_18",129,"seeding",2005,2005,26,10,"invasion control","mowing"
"4_18",129,"seeding",2005,2006,78,10,"invasion control","mowing"
"4_18",129,"seeding",2005,2007,130,10,"invasion control","mowing"
"4_18",129,"seeding",2005,2008,183,10,"invasion control","mowing"
"4_180",138,"seeding",2005,2005,0,4,"invasion control","mowing"
"4_181",138,"seeding",2005,2005,0,4,"invasion control","mowing"
"4_182",138,"seeding",2005,2005,0,4,"invasion control","mowing"
"4_183",138,"passive",2005,2005,0,4,"invasion control","mowing"
"4_184",138,"seeding",2005,2005,0,4,"invasion control","mowing"
"4_184",138,"seeding",2005,2005,26,10,"invasion control","mowing"
"4_184",138,"seeding",2005,2006,52,4,"invasion control","mowing"
"4_184",138,"seeding",2005,2006,78,10,"invasion control","mowing"
"4_184",138,"seeding",2005,2007,104,4,"invasion control","mowing"
"4_184",138,"seeding",2005,2007,130,10,"invasion control","mowing"
"4_184",138,"seeding",2005,2008,157,4,"invasion control","mowing"
"4_184",138,"seeding",2005,2008,183,10,"invasion control","mowing"
"4_185",138,"seeding",2005,2005,0,4,"invasion control","mowing"
"4_185",138,"seeding",2005,2005,26,10,"invasion control","mowing"
"4_185",138,"seeding",2005,2006,52,4,"invasion control","mowing"
"4_185",138,"seeding",2005,2006,78,10,"invasion control","mowing"
"4_185",138,"seeding",2005,2007,104,4,"invasion control","mowing"
"4_185",138,"seeding",2005,2007,130,10,"invasion control","mowing"
"4_185",138,"seeding",2005,2008,157,4,"invasion control","mowing"
"4_185",138,"seeding",2005,2008,183,10,"invasion control","mowing"
"4_186",138,"seeding",2005,2005,0,4,"invasion control","mowing"
"4_186",138,"seeding",2005,2005,26,10,"invasion control","mowing"
"4_186",138,"seeding",2005,2006,52,4,"invasion control","mowing"
"4_186",138,"seeding",2005,2006,78,10,"invasion control","mowing"
"4_186",138,"seeding",2005,2007,104,4,"invasion control","mowing"
"4_186",138,"seeding",2005,2007,130,10,"invasion control","mowing"
"4_186",138,"seeding",2005,2008,157,4,"invasion control","mowing"
"4_186",138,"seeding",2005,2008,183,10,"invasion control","mowing"
"4_187",138,"passive",2005,2005,0,4,"invasion control","mowing"
"4_187",138,"passive",2005,2005,26,10,"invasion control","mowing"
"4_187",138,"passive",2005,2006,52,4,"invasion control","mowing"
"4_187",138,"passive",2005,2006,78,10,"invasion control","mowing"
"4_187",138,"passive",2005,2007,104,4,"invasion control","mowing"
"4_187",138,"passive",2005,2007,130,10,"invasion control","mowing"
"4_187",138,"passive",2005,2008,157,4,"invasion control","mowing"
"4_187",138,"passive",2005,2008,183,10,"invasion control","mowing"
"4_188",138,"seeding",2005,2005,26,10,"invasion control","mowing"
"4_188",138,"seeding",2005,2006,78,10,"invasion control","mowing"
"4_188",138,"seeding",2005,2007,130,10,"invasion control","mowing"
"4_188",138,"seeding",2005,2008,183,10,"invasion control","mowing"
"4_189",138,"seeding",2005,2005,26,10,"invasion control","mowing"
"4_189",138,"seeding",2005,2006,78,10,"invasion control","mowing"
"4_189",138,"seeding",2005,2007,130,10,"invasion control","mowing"
"4_189",138,"seeding",2005,2008,183,10,"invasion control","mowing"
"4_19",129,"seeding",2005,2005,26,10,"invasion control","mowing"
"4_19",129,"seeding",2005,2006,78,10,"invasion control","mowing"
"4_19",129,"seeding",2005,2007,130,10,"invasion control","mowing"
"4_19",129,"seeding",2005,2008,183,10,"invasion control","mowing"
"4_190",138,"seeding",2005,2005,26,10,"invasion control","mowing"
"4_190",138,"seeding",2005,2006,78,10,"invasion control","mowing"
"4_190",138,"seeding",2005,2007,130,10,"invasion control","mowing"
"4_190",138,"seeding",2005,2008,183,10,"invasion control","mowing"
"4_191",138,"passive",2005,2005,26,10,"invasion control","mowing"
"4_191",138,"passive",2005,2006,78,10,"invasion control","mowing"
"4_191",138,"passive",2005,2007,130,10,"invasion control","mowing"
"4_191",138,"passive",2005,2008,183,10,"invasion control","mowing"
"4_2",128,"passive",2005,2005,0,4,"invasion control","mowing"
"4_20",129,"seeding",2005,2005,26,10,"invasion control","mowing"
"4_20",129,"seeding",2005,2006,78,10,"invasion control","mowing"
"4_20",129,"seeding",2005,2007,130,10,"invasion control","mowing"
"4_20",129,"seeding",2005,2008,183,10,"invasion control","mowing"
"4_21",129,"passive",2005,2005,26,10,"invasion control","mowing"
"4_21",129,"passive",2005,2006,78,10,"invasion control","mowing"
"4_21",129,"passive",2005,2007,130,10,"invasion control","mowing"
"4_21",129,"passive",2005,2008,183,10,"invasion control","mowing"
"4_28",130,"seeding",2005,2005,0,4,"invasion control","mowing"
"4_29",130,"passive",2005,2005,0,4,"invasion control","mowing"
"4_3",128,"passive",2005,2005,0,4,"invasion control","mowing"
"4_3",128,"passive",2005,2005,26,10,"invasion control","mowing"
"4_3",128,"passive",2005,2006,52,4,"invasion control","mowing"
"4_3",128,"passive",2005,2006,78,10,"invasion control","mowing"
"4_3",128,"passive",2005,2007,104,4,"invasion control","mowing"
"4_3",128,"passive",2005,2007,130,10,"invasion control","mowing"
"4_3",128,"passive",2005,2008,157,4,"invasion control","mowing"
"4_3",128,"passive",2005,2008,183,10,"invasion control","mowing"
"4_30",130,"seeding",2005,2005,0,4,"invasion control","mowing"
"4_30",130,"seeding",2005,2005,26,10,"invasion control","mowing"
"4_30",130,"seeding",2005,2006,52,4,"invasion control","mowing"
"4_30",130,"seeding",2005,2006,78,10,"invasion control","mowing"
"4_30",130,"seeding",2005,2007,104,4,"invasion control","mowing"
"4_30",130,"seeding",2005,2007,130,10,"invasion control","mowing"
"4_30",130,"seeding",2005,2008,157,4,"invasion control","mowing"
"4_30",130,"seeding",2005,2008,183,10,"invasion control","mowing"
"4_31",130,"passive",2005,2005,0,4,"invasion control","mowing"
"4_31",130,"passive",2005,2005,26,10,"invasion control","mowing"
"4_31",130,"passive",2005,2006,52,4,"invasion control","mowing"
"4_31",130,"passive",2005,2006,78,10,"invasion control","mowing"
"4_31",130,"passive",2005,2007,104,4,"invasion control","mowing"
"4_31",130,"passive",2005,2007,130,10,"invasion control","mowing"
"4_31",130,"passive",2005,2008,157,4,"invasion control","mowing"
"4_31",130,"passive",2005,2008,183,10,"invasion control","mowing"
"4_32",130,"seeding",2005,2005,26,10,"invasion control","mowing"
"4_32",130,"seeding",2005,2006,78,10,"invasion control","mowing"
"4_32",130,"seeding",2005,2007,130,10,"invasion control","mowing"
"4_32",130,"seeding",2005,2008,183,10,"invasion control","mowing"
"4_33",130,"passive",2005,2005,26,10,"invasion control","mowing"
"4_33",130,"passive",2005,2006,78,10,"invasion control","mowing"
"4_33",130,"passive",2005,2007,130,10,"invasion control","mowing"
"4_33",130,"passive",2005,2008,183,10,"invasion control","mowing"
"4_4",128,"passive",2005,2005,26,10,"invasion control","mowing"
"4_4",128,"passive",2005,2006,78,10,"invasion control","mowing"
"4_4",128,"passive",2005,2007,130,10,"invasion control","mowing"
"4_4",128,"passive",2005,2008,183,10,"invasion control","mowing"
"4_40",131,"seeding",2005,2005,0,4,"invasion control","mowing"
"4_41",131,"seeding",2005,2005,0,4,"invasion control","mowing"
"4_42",131,"seeding",2005,2005,0,4,"invasion control","mowing"
"4_43",131,"passive",2005,2005,0,4,"invasion control","mowing"
"4_44",131,"seeding",2005,2005,0,4,"invasion control","mowing"
"4_44",131,"seeding",2005,2005,26,10,"invasion control","mowing"
"4_44",131,"seeding",2005,2006,52,4,"invasion control","mowing"
"4_44",131,"seeding",2005,2006,78,10,"invasion control","mowing"
"4_44",131,"seeding",2005,2007,104,4,"invasion control","mowing"
"4_44",131,"seeding",2005,2007,130,10,"invasion control","mowing"
"4_44",131,"seeding",2005,2008,157,4,"invasion control","mowing"
"4_44",131,"seeding",2005,2008,183,10,"invasion control","mowing"
"4_45",131,"seeding",2005,2005,0,4,"invasion control","mowing"
"4_45",131,"seeding",2005,2005,26,10,"invasion control","mowing"
"4_45",131,"seeding",2005,2006,52,4,"invasion control","mowing"
"4_45",131,"seeding",2005,2006,78,10,"invasion control","mowing"
"4_45",131,"seeding",2005,2007,104,4,"invasion control","mowing"
"4_45",131,"seeding",2005,2007,130,10,"invasion control","mowing"
"4_45",131,"seeding",2005,2008,157,4,"invasion control","mowing"
"4_45",131,"seeding",2005,2008,183,10,"invasion control","mowing"
"4_46",131,"seeding",2005,2005,0,4,"invasion control","mowing"
"4_46",131,"seeding",2005,2005,26,10,"invasion control","mowing"
"4_46",131,"seeding",2005,2006,52,4,"invasion control","mowing"
"4_46",131,"seeding",2005,2006,78,10,"invasion control","mowing"
"4_46",131,"seeding",2005,2007,104,4,"invasion control","mowing"
"4_46",131,"seeding",2005,2007,130,10,"invasion control","mowing"
"4_46",131,"seeding",2005,2008,157,4,"invasion control","mowing"
"4_46",131,"seeding",2005,2008,183,10,"invasion control","mowing"
"4_47",131,"passive",2005,2005,0,4,"invasion control","mowing"
"4_47",131,"passive",2005,2005,26,10,"invasion control","mowing"
"4_47",131,"passive",2005,2006,52,4,"invasion control","mowing"
"4_47",131,"passive",2005,2006,78,10,"invasion control","mowing"
"4_47",131,"passive",2005,2007,104,4,"invasion control","mowing"
"4_47",131,"passive",2005,2007,130,10,"invasion control","mowing"
"4_47",131,"passive",2005,2008,157,4,"invasion control","mowing"
"4_47",131,"passive",2005,2008,183,10,"invasion control","mowing"
"4_48",131,"seeding",2005,2005,26,10,"invasion control","mowing"
"4_48",131,"seeding",2005,2006,78,10,"invasion control","mowing"
"4_48",131,"seeding",2005,2007,130,10,"invasion control","mowing"
"4_48",131,"seeding",2005,2008,183,10,"invasion control","mowing"
"4_49",131,"seeding",2005,2005,26,10,"invasion control","mowing"
"4_49",131,"seeding",2005,2006,78,10,"invasion control","mowing"
"4_49",131,"seeding",2005,2007,130,10,"invasion control","mowing"
"4_49",131,"seeding",2005,2008,183,10,"invasion control","mowing"
"4_50",131,"seeding",2005,2005,26,10,"invasion control","mowing"
"4_50",131,"seeding",2005,2006,78,10,"invasion control","mowing"
"4_50",131,"seeding",2005,2007,130,10,"invasion control","mowing"
"4_50",131,"seeding",2005,2008,183,10,"invasion control","mowing"
"4_51",131,"passive",2005,2005,26,10,"invasion control","mowing"
"4_51",131,"passive",2005,2006,78,10,"invasion control","mowing"
"4_51",131,"passive",2005,2007,130,10,"invasion control","mowing"
"4_51",131,"passive",2005,2008,183,10,"invasion control","mowing"
"4_60",132,"seeding",2005,2005,0,4,"invasion control","mowing"
"4_61",132,"seeding",2005,2005,0,4,"invasion control","mowing"
"4_62",132,"seeding",2005,2005,0,4,"invasion control","mowing"
"4_63",132,"passive",2005,2005,0,4,"invasion control","mowing"
"4_64",132,"seeding",2005,2005,0,4,"invasion control","mowing"
"4_64",132,"seeding",2005,2005,26,10,"invasion control","mowing"
"4_64",132,"seeding",2005,2006,52,4,"invasion control","mowing"
"4_64",132,"seeding",2005,2006,78,10,"invasion control","mowing"
"4_64",132,"seeding",2005,2007,104,4,"invasion control","mowing"
"4_64",132,"seeding",2005,2007,130,10,"invasion control","mowing"
"4_64",132,"seeding",2005,2008,157,4,"invasion control","mowing"
"4_64",132,"seeding",2005,2008,183,10,"invasion control","mowing"
"4_65",132,"seeding",2005,2005,0,4,"invasion control","mowing"
"4_65",132,"seeding",2005,2005,26,10,"invasion control","mowing"
"4_65",132,"seeding",2005,2006,52,4,"invasion control","mowing"
"4_65",132,"seeding",2005,2006,78,10,"invasion control","mowing"
"4_65",132,"seeding",2005,2007,104,4,"invasion control","mowing"
"4_65",132,"seeding",2005,2007,130,10,"invasion control","mowing"
"4_65",132,"seeding",2005,2008,157,4,"invasion control","mowing"
"4_65",132,"seeding",2005,2008,183,10,"invasion control","mowing"
"4_66",132,"seeding",2005,2005,0,4,"invasion control","mowing"
"4_66",132,"seeding",2005,2005,26,10,"invasion control","mowing"
"4_66",132,"seeding",2005,2006,52,4,"invasion control","mowing"
"4_66",132,"seeding",2005,2006,78,10,"invasion control","mowing"
"4_66",132,"seeding",2005,2007,104,4,"invasion control","mowing"
"4_66",132,"seeding",2005,2007,130,10,"invasion control","mowing"
"4_66",132,"seeding",2005,2008,157,4,"invasion control","mowing"
"4_66",132,"seeding",2005,2008,183,10,"invasion control","mowing"
"4_67",132,"passive",2005,2005,0,4,"invasion control","mowing"
"4_67",132,"passive",2005,2005,26,10,"invasion control","mowing"
"4_67",132,"passive",2005,2006,52,4,"invasion control","mowing"
"4_67",132,"passive",2005,2006,78,10,"invasion control","mowing"
"4_67",132,"passive",2005,2007,104,4,"invasion control","mowing"
"4_67",132,"passive",2005,2007,130,10,"invasion control","mowing"
"4_67",132,"passive",2005,2008,157,4,"invasion control","mowing"
"4_67",132,"passive",2005,2008,183,10,"invasion control","mowing"
"4_68",132,"seeding",2005,2005,26,10,"invasion control","mowing"
"4_68",132,"seeding",2005,2006,78,10,"invasion control","mowing"
"4_68",132,"seeding",2005,2007,130,10,"invasion control","mowing"
"4_68",132,"seeding",2005,2008,183,10,"invasion control","mowing"
"4_69",132,"seeding",2005,2005,26,10,"invasion control","mowing"
"4_69",132,"seeding",2005,2006,78,10,"invasion control","mowing"
"4_69",132,"seeding",2005,2007,130,10,"invasion control","mowing"
"4_69",132,"seeding",2005,2008,183,10,"invasion control","mowing"
"4_70",132,"seeding",2005,2005,26,10,"invasion control","mowing"
"4_70",132,"seeding",2005,2006,78,10,"invasion control","mowing"
"4_70",132,"seeding",2005,2007,130,10,"invasion control","mowing"
"4_70",132,"seeding",2005,2008,183,10,"invasion control","mowing"
"4_71",132,"passive",2005,2005,26,10,"invasion control","mowing"
"4_71",132,"passive",2005,2006,78,10,"invasion control","mowing"
"4_71",132,"passive",2005,2007,130,10,"invasion control","mowing"
"4_71",132,"passive",2005,2008,183,10,"invasion control","mowing"
"4_80",133,"seeding",2005,2005,0,4,"invasion control","mowing"
"4_81",133,"seeding",2005,2005,0,4,"invasion control","mowing"
"4_82",133,"seeding",2005,2005,0,4,"invasion control","mowing"
"4_83",133,"passive",2005,2005,0,4,"invasion control","mowing"
"4_84",133,"seeding",2005,2005,0,4,"invasion control","mowing"
"4_84",133,"seeding",2005,2005,26,10,"invasion control","mowing"
"4_84",133,"seeding",2005,2006,52,4,"invasion control","mowing"
"4_84",133,"seeding",2005,2006,78,10,"invasion control","mowing"
"4_84",133,"seeding",2005,2007,104,4,"invasion control","mowing"
"4_84",133,"seeding",2005,2007,130,10,"invasion control","mowing"
"4_84",133,"seeding",2005,2008,157,4,"invasion control","mowing"
"4_84",133,"seeding",2005,2008,183,10,"invasion control","mowing"
"4_85",133,"seeding",2005,2005,0,4,"invasion control","mowing"
"4_85",133,"seeding",2005,2005,26,10,"invasion control","mowing"
"4_85",133,"seeding",2005,2006,52,4,"invasion control","mowing"
"4_85",133,"seeding",2005,2006,78,10,"invasion control","mowing"
"4_85",133,"seeding",2005,2007,104,4,"invasion control","mowing"
"4_85",133,"seeding",2005,2007,130,10,"invasion control","mowing"
"4_85",133,"seeding",2005,2008,157,4,"invasion control","mowing"
"4_85",133,"seeding",2005,2008,183,10,"invasion control","mowing"
"4_86",133,"seeding",2005,2005,0,4,"invasion control","mowing"
"4_86",133,"seeding",2005,2005,26,10,"invasion control","mowing"
"4_86",133,"seeding",2005,2006,52,4,"invasion control","mowing"
"4_86",133,"seeding",2005,2006,78,10,"invasion control","mowing"
"4_86",133,"seeding",2005,2007,104,4,"invasion control","mowing"
"4_86",133,"seeding",2005,2007,130,10,"invasion control","mowing"
"4_86",133,"seeding",2005,2008,157,4,"invasion control","mowing"
"4_86",133,"seeding",2005,2008,183,10,"invasion control","mowing"
"4_87",133,"passive",2005,2005,0,4,"invasion control","mowing"
"4_87",133,"passive",2005,2005,26,10,"invasion control","mowing"
"4_87",133,"passive",2005,2006,52,4,"invasion control","mowing"
"4_87",133,"passive",2005,2006,78,10,"invasion control","mowing"
"4_87",133,"passive",2005,2007,104,4,"invasion control","mowing"
"4_87",133,"passive",2005,2007,130,10,"invasion control","mowing"
"4_87",133,"passive",2005,2008,157,4,"invasion control","mowing"
"4_87",133,"passive",2005,2008,183,10,"invasion control","mowing"
"4_88",133,"seeding",2005,2005,26,10,"invasion control","mowing"
"4_88",133,"seeding",2005,2006,78,10,"invasion control","mowing"
"4_88",133,"seeding",2005,2007,130,10,"invasion control","mowing"
"4_88",133,"seeding",2005,2008,183,10,"invasion control","mowing"
"4_89",133,"seeding",2005,2005,26,10,"invasion control","mowing"
"4_89",133,"seeding",2005,2006,78,10,"invasion control","mowing"
"4_89",133,"seeding",2005,2007,130,10,"invasion control","mowing"
"4_89",133,"seeding",2005,2008,183,10,"invasion control","mowing"
"4_90",133,"seeding",2005,2005,26,10,"invasion control","mowing"
"4_90",133,"seeding",2005,2006,78,10,"invasion control","mowing"
"4_90",133,"seeding",2005,2007,130,10,"invasion control","mowing"
"4_90",133,"seeding",2005,2008,183,10,"invasion control","mowing"
"4_91",133,"passive",2005,2005,26,10,"invasion control","mowing"
"4_91",133,"passive",2005,2006,78,10,"invasion control","mowing"
"4_91",133,"passive",2005,2007,130,10,"invasion control","mowing"
"4_91",133,"passive",2005,2008,183,10,"invasion control","mowing"
"5_1",197,"experimental restoration",2010,2010,0,7,"mowing ","mowing"
"5_1",197,"experimental restoration",2010,2011,52,7,"mowing ","mowing"
"5_1",197,"experimental restoration",2010,2012,104,7,"mowing ","mowing"
"5_1",197,"experimental restoration",2010,2013,156,7,"mowing ","mowing"
"5_1",197,"experimental restoration",2010,2014,208,7,"mowing ","mowing"
"5_1",197,"experimental restoration",2010,2015,260,7,"mowing ","mowing"
"5_1",197,"experimental restoration",2010,2016,312,7,"mowing ","mowing"
"5_1",139,"other",2009,2009,0,5,"mowing","mowing"
"5_1",139,"other",2009,2010,61,7,"mowing","mowing"
"5_1",139,"other",2009,2011,113,7,"mowing","mowing"
"5_1",139,"other",2009,2012,165,7,"mowing","mowing"
"5_1",139,"other",2009,2013,217,7,"mowing","mowing"
"5_1",139,"other",2009,2014,270,7,"mowing","mowing"
"5_1",139,"other",2009,2015,322,7,"mowing","mowing"
"5_1",139,"other",2009,2016,374,7,"mowing","mowing"
"5_1",139,"other",2009,2016,378,8,"mowing","mowing"
"5_1",139,"other",2009,2017,426,7,"mowing","mowing"
"5_1",139,"other",2009,2017,431,8,"mowing","mowing"
"5_1",139,"other",2009,2018,478,7,"mowing","mowing"
"5_1",139,"other",2009,2018,483,8,"mowing","mowing"
"5_1",139,"other",2009,2018,478,7,"mowing","mowing"
"5_1",139,"other",2009,2019,535,8,"mowing","mowing"
"5_1",139,"other",2009,2020,583,7,"mowing","mowing"
"5_1",139,"other",2009,2020,587,8,"mowing","mowing"
"5_1",139,"other",2009,2021,635,7,"mowing","mowing"
"5_1",139,"other",2009,2021,639,8,"mowing","mowing"
"5_1",139,"other",2009,2022,687,7,"mowing","mowing"
"5_1",139,"other",2009,2022,691,8,"mowing","mowing"
"5_2",139,"other",2009,2009,0,5,"mowing","mowing"
"5_2",139,"other",2009,2010,61,7,"mowing","mowing"
"5_2",139,"other",2009,2011,113,7,"mowing","mowing"
"5_2",139,"other",2009,2012,165,7,"mowing","mowing"
"5_2",139,"other",2009,2013,217,7,"mowing","mowing"
"5_2",139,"other",2009,2014,270,7,"mowing","mowing"
"5_2",139,"other",2009,2015,322,7,"mowing","mowing"
"5_2",139,"other",2009,2016,374,7,"mowing","mowing"
"5_2",139,"other",2009,2016,378,8,"mowing","mowing"
"5_2",139,"other",2009,2017,426,7,"mowing","mowing"
"5_2",139,"other",2009,2017,431,8,"mowing","mowing"
"5_2",139,"other",2009,2018,478,7,"mowing","mowing"
"5_2",139,"other",2009,2018,483,8,"mowing","mowing"
"5_2",139,"other",2009,2018,478,7,"mowing","mowing"
"5_2",139,"other",2009,2019,535,8,"mowing","mowing"
"5_2",139,"other",2009,2020,583,7,"mowing","mowing"
"5_2",139,"other",2009,2020,587,8,"mowing","mowing"
"5_2",139,"other",2009,2021,635,7,"mowing","mowing"
"5_2",139,"other",2009,2021,639,8,"mowing","mowing"
"5_2",139,"other",2009,2022,687,7,"mowing","mowing"
"5_2",139,"other",2009,2022,691,8,"mowing","mowing"
