Order_Calc_Split,Year,Date,Work_Site,Location,Area Cleared (m2) orig,Area Cleared (m2),Biomass Removed (m3) orig,Biomass Removed (m3),Data_Change_Assumptions,Invasive_Species_Cleared_orig,Invasive_Species_Cleared,Crew_Hours,Notes
43,2023,07-Dec,Matson Conservation Area,https://maps.app.goo.gl/MN9fpJThnJ7iHBCs13,0,0.0,1.2,1.2,,English Ivy,English Ivy,26.5,
44,2023,08-Dec,Matson Conservation Area,https://maps.app.goo.gl/MN9fpJThnJ7iHBCs13,0,0.0,0.8,0.8,,English Ivy,English Ivy,20,
95,2023,19-Sep,Yates,-,0,0.0,1,1.0,,Scotch broom ,Scotch broom,45,
236,2024,14-Nov,Matson Conservation Area,https://maps.app.goo.gl/MN9fpJThnJ7iHBCs9,0,0.0,0,0.0,,Garry oak planting,NA,15,"Installed signs on deer exclosures. Planted, mapped, and photographed 24 donated (by GOMPS and by Central Saanich) Garry oak saplings. End of day removed some orchard grass.  "
237,2025,21-Oct,Matson Conservation Area,https://maps.app.goo.gl/MN9fpJThnJ7iHBCs9,0,0.0,0,0.0,,NA,NA,0,MISSING DATA
238,2025,04-Sep,Camas Hill,-,0,0.0,0,0.0,,NA,NA,37.5,"The crew spent most of the day transporting spice bags containing scotch broom from areas in the upper Camas hill covenant to the bottom driveway of the property. Crew did a combination of fireline rolls, carrying, and dragging (only on none sensistive areas like the pipe and lower cement driveway) to transport the bags from higher elevation down to the bottom of the driveway. There were approximately 15 spices bags with completely dried plant material and 5 crew members which took them ~5 hours. This system of removing plant matter in late spring/early summer and leaving bags near removal sites in non-sensitive areas, then transporting in late summer when plant marterial has dried out,  much lighter, and all the sensitive wildflowers are no longer in bloom was very successful. Crew the last few hours of the day doing admin office hours. "
120,2025,30-May,Oak Haven Park,"1251 Garden Gate Dr, Brentwood Bay, BC V8M 2H6",15.4,15.4,0.5,0.5,,Shiny Geranium ,Shiny geranium,22.5,Removed shiny geranium in polygon across path from SAR patch. Plants forming seeds but not dispersing them yet. 
113,2025,07-Apr,Oak Haven Park,"1251 Garden Gate Dr, Brentwood Bay, BC V8M 2H6",17.1,17.1,0.05,0.1,,Shiny Geranium ,Shiny geranium,36,Manuallu pulled Shiny geranium from dense patch near shiny Geranium. Crew left field early to get work van from shop. 
39,2022,03-Oct,Matson Conservation Area,https://maps.app.goo.gl/MN9fpJThnJ7iHBCs19,20,20.0,1,1.0,,Ivy,English Ivy,15,
112,2025,04-Apr,Oak Haven Park,"1251 Garden Gate Dr, Brentwood Bay, BC V8M 2H6",20.5,20.5,0.03,0.0,,Shiny Geranium ,Shiny geranium,15,Manually pulling SG. 
108,2024,07-Nov,Oak Haven Park,"1251 Garden Gate Dr, Brentwood Bay, BC V8M 2H6",21.3,21.3,0.2,0.2,,Scotch broom,Scotch broom,22.5,Patches of dense medium sized scotch broom. Pulled all visible in thick grass. Sweet vernal grass and few orchardgrass also present. Also did montoring on site for part of the day. 
111,2025,03-Apr,Oak Haven Park,"1251 Garden Gate Dr, Brentwood Bay, BC V8M 2H6",22.5,22.5,0.05,0.1,,Shiny Geranium ,Shiny geranium,26.5,crew manually pulled shiny geranium from dense regrowth patch (#6) near SAR1.Found and mapped 2 addintional shiny geranium patches. 
46,2022,23-Sep,Matson Conservation Area,https://maps.app.goo.gl/MN9fpJThnJ7iHBCs13,25,25.0,0.5,0.5,,Invasive Grasses,Invasive Grasses,22.5,
115,2025,23-Apr,Oak Haven Park,"1251 Garden Gate Dr, Brentwood Bay, BC V8M 2H6",25,25.0,0.6,0.6,,Shiny geranium,Shiny geranium,30,Checking shiny geranium experiment plots (torched and 10% vinegar spray) and adding additional vinegar spray plots. Manual removal of shiny geranium from 1030am-3pm. 
104,2024,31-Oct,Purple Sanicle,-,26.5,26.5,0.6,0.6,,Scotch broom,Scotch broom,22.5,Small to medium regrowth. Happy Halloween :)
103,2024,30-Oct,Purple Sanicle,-,27,27.0,0.3,0.3,,Scotch broom,Scotch broom,15,Small to medium regrowth 
3,2023,28-Jul,Oak Haven Park,"1253 Garden Gate Dr, Brentwood Bay, BC V8M 2H6",30,30.0,1.3,1.3,,Daphne ,Daphne,15,Neal Off
4,2023,15-Aug,Oak Haven Park,"1254 Garden Gate Dr, Brentwood Bay, BC V8M 2H6",30,30.0,2.5,2.5,,Daphne,Daphne,15,Aislyn & Neal Monitoring/ Lauren Crew Lead
47,2022,26-Sep,Matson Conservation Area,https://maps.app.goo.gl/MN9fpJThnJ7iHBCs14,30,30.0,1,1.0,,Invasive Grasses,Invasive Grasses,22.5,
48,2022,27-Sep,Matson Conservation Area,https://maps.app.goo.gl/MN9fpJThnJ7iHBCs15,30,30.0,1,1.0,,Invasive Grasses,Invasive Grasses,22.5,
117,2025,05-May,Oak Haven Park,"1251 Garden Gate Dr, Brentwood Bay, BC V8M 2H6",30.5,30.5,0.15,0.2,,Shiny geranium,Shiny geranium,22.5,"First half of the day in office cleaning tools and office work. Talked to Shania about our bandana idea. After lunch crew pulled shiny geranium. Geranium has come into seed the last few weeks, no mature seed heads yet but very close as  but plump green seeds get ready to explode. "
105,2024,01-Nov,Purple Sanicle,-,39,39.0,0.6,0.6,,Scotch broom,Scotch broom,22.5,Small to medium regrowth 
2,2023,26-Jul,Oak Haven Park,"1251 Garden Gate Dr, Brentwood Bay, BC V8M 2H6",40,40.0,2,2.0,,Daphne ,Daphne,22.5,
119,2023,25-May,Oak Haven Park,"1251 Garden Gate Dr, Brentwood Bay, BC V8M 2H6",40,40.0,0.2,0.2,,Shiny geranium,Shiny geranium,35,
114,2025,09-Apr,Oak Haven Park,"1251 Garden Gate Dr, Brentwood Bay, BC V8M 2H6",44,44.0,0.05,0.1,,Shiny Geranium ,Shiny geranium,30,"Continued removing dense patch of shiny geranium near SAR1. Also, timed each crew manually pulling shiny geranium in 1x1 metre plots to compare with experimental burning and vinegar treatment. "
97,2025,23-Sep,Purple Sanicle,-,44.39,44.4,0.9,0.9,,Scotch broom,Scotch broom,22.5,"Removed dense, small sized scotch broom regrowth, some containing seeds (polygon 6). Did not complete patch, will need to return to remove remaining broom "
30,2023,24-Jul,Matson Conservation Area,https://maps.app.goo.gl/MN9fpJThnJ7iHBCs13,45,45.0,0.8,0.8,,English Ivy,English Ivy,15,Lauren Off/Neal fill in as crew lead 
102,2024,29-Oct,Purple Sanicle,-,45,45.0,0.4,0.4,,Scotch broom,Scotch broom,22.5,Small regrowth in area containing purple sanicle
125,2024,21-Jun,Oak Haven Park,"1251 Garden Gate Dr, Brentwood Bay, BC V8M 2H6",47,47.0,0.1,0.1,,Shiny geranium ,Shiny geranium,15,"Removed shiny geranium, most contained seeds almost ready to drop"
127,2024,10-Oct,Matson Conservation Area,https://maps.app.goo.gl/MN9fpJThnJ7iHBCs9,54.5,54.5,0.5,0.5,,Thatch ,Thatch,22.5,"2nd round of mowing in deer Exclosure #1, completed fencing for deer Exclosure #2, roughened soil and seeded deer Exclosure #1. "
36,2023,01-Sep,Matson Conservation Area,https://maps.app.goo.gl/MN9fpJThnJ7iHBCs13,60,60.0,1.2,1.2,,English Ivy,English Ivy,30,Lauren Off
40,2022,17-Oct,Matson Conservation Area,https://maps.app.goo.gl/MN9fpJThnJ7iHBCs19,60,60.0,1,1.0,,Ivy,English Ivy,15,
41,2022,19-Oct,Matson Conservation Area,https://maps.app.goo.gl/MN9fpJThnJ7iHBCs20,60,60.0,1,1.0,,Ivy,English Ivy,15,
42,2022,21-Oct,Matson Conservation Area,https://maps.app.goo.gl/MN9fpJThnJ7iHBCs21,60,60.0,1,1.0,,Ivy,English Ivy,22.5,
110,2025,02-Apr,Oak Haven Park,"1251 Garden Gate Dr, Brentwood Bay, BC V8M 2H6",61.6,61.6,0.05,0.1,,Shiny Geranium ,Shiny geranium,30,crew  manually pulled shiny geranium from dense regrowth patch (#6) near SAR1.
123,2024,11-Jun,Oak Haven Park,"1251 Garden Gate Dr, Brentwood Bay, BC V8M 2H6",61.6,61.6,0.3,0.3,,Shiny Geranium,Shiny geranium,34,"Removed shiny geranium, most contained seeds almost ready to drop"
35,2023,31-Aug,Matson Conservation Area,https://maps.app.goo.gl/MN9fpJThnJ7iHBCs13,70,70.0,2.8,2.8,,English Ivy,English Ivy,37.5,Lauren last day full time
51,2024,12-Nov,Matson Conservation Area,https://maps.app.goo.gl/MN9fpJThnJ7iHBCs9,81.8,81.8,0.2,0.2,,Orchard grass,Orchard grass,22.5,"Spent morning scouting the covenant for invasive species to inform next years mgmt plan, removed some orchard grass in the afternoon . "
116,2025,24-Apr,Oak Haven Park,"1251 Garden Gate Dr, Brentwood Bay, BC V8M 2H6",92.8,92.8,1.4,1.4,,Shiny geranium,Shiny geranium,37.5,"In morning, recorded observations of 3 new vinegar spray test plots. Then, crew continued to manually remove shiny geranium from polygon 1. The crew also collected 1.5 spice bags of scotch broom that was manually pulled and piled by local neighbour Greg.started to see shiny geranium with flowers and ring seed pods this week.  "
10,2022,04-Oct,Oak Haven Park,"1261 Garden Gate Dr, Brentwood Bay, BC V8M 2H6",100,100.0,3,3.0,,Daphne,Daphne,15,
11,2022,05-Oct,Oak Haven Park,"1262 Garden Gate Dr, Brentwood Bay, BC V8M 2H6",100,100.0,3,3.0,,Daphne,Daphne,15,
12,2022,06-Oct,Oak Haven Park,"1263 Garden Gate Dr, Brentwood Bay, BC V8M 2H6",100,100.0,1,1.0,,Daphne,Daphne,15,
14,2022,12-Oct,Oak Haven Park,"1265 Garden Gate Dr, Brentwood Bay, BC V8M 2H6",100,100.0,2,2.0,,Daphne,Daphne,15,
16,2022,24-Oct,Oak Haven Park,"1266 Garden Gate Dr, Brentwood Bay, BC V8M 2H6",100,100.0,3,3.0,,Daphne,Daphne,22.5,
126,2023,04-Jul,Oak Haven Park,"1251 Garden Gate Dr, Brentwood Bay, BC V8M 2H6",100,100.0,2,2.0,,Shiny Geranium,Shiny geranium,32.5,"Calypso Woods Monitoring, VNFC + Christina at MCA + Vanessa Dentist Appointment"
121,2024,05-Jun,Oak Haven Park,"1251 Garden Gate Dr, Brentwood Bay, BC V8M 2H6",100.3,100.3,0.2,0.2,,Shiny Geranium ,Shiny geranium,30.5,"Removed shiny geranium, most contained seeds almost ready to drop"
106,2024,05-Nov,Oak Haven Park,"1251 Garden Gate Dr, Brentwood Bay, BC V8M 2H6",108,108.0,1.5,1.5,,Scotch broom,Scotch broom,30,Removed dense patch of small to medium scotch broom removed in patch of SARA slim leaf onion
98,2024,01-Oct,Purple Sanicle,-,110,110.0,0.2,0.2,,S.broom,Scotch broom,26.5,"Morning spent on mushroom walk, then site orientation at Purple Sanicle covenant before 1.5 hours (small regrowth) broom removal. Max present for walk and orientation."
101,2024,04-Oct,Purple Sanicle,-,113,113.0,1.8,1.8,,S.broom,Scotch broom,22.5,Small and medium broom removal
80,2024,02-Jul,Camas Hill,-,127.2,127.2,0.3,0.3,,Scotch Broom ,Scotch broom,30,Removed small regrowth Scotch Broom 
96,2025,22-Sep,Purple Sanicle,-,134,134.0,1,1.0,,Scotch broom,Scotch broom,22.5,Crew continued removing scotch broom near purple sanicle sub population in polygon 4.
124,2024,20-Jun,Oak Haven Park,"1251 Garden Gate Dr, Brentwood Bay, BC V8M 2H6",134,134.0,0.2,0.2,,Shiny Geranium,Shiny geranium,22.5,"Removed shiny geranium, most contained seeds almost ready to drop"
99,2024,02-Oct,Purple Sanicle,-,138,138.0,0.8,0.8,,S.broom,Scotch broom,22.5,Small and medium broom removal
122,2024,06-Jun,Oak Haven Park,"1251 Garden Gate Dr, Brentwood Bay, BC V8M 2H6",142.7,142.7,0.2,0.2,,Shiny Geranium ,Shiny geranium,22.5,"Removed shiny geranium, most contained seeds almost ready to drop"
31,2023,16-Aug,Matson Conservation Area,https://maps.app.goo.gl/MN9fpJThnJ7iHBCs13,150,150.0,2.2,2.2,,English Ivy,English Ivy,29,
32,2023,17-Aug,Matson Conservation Area,https://maps.app.goo.gl/MN9fpJThnJ7iHBCs13,150,150.0,1.8,1.8,,English Ivy,English Ivy,37.5,Removed ivy from matson and bagged garbage
100,2024,03-Oct,Purple Sanicle,-,158,158.0,1,1.0,,S.broom,Scotch broom,22.5,Small and medium broom removal
38,2025,17-Sep,Matson Conservation Area,https://maps.app.goo.gl/MN9fpJThnJ7iHBCs9,160,160.0,2.7,2.7,,English Ivy ,English Ivy,37.5,Crew continued removing English Ivy from steep rocky slope area. Ended day by removing a small amount of blackberry from woodland area and reed canary grass from meadow. 
109,2024,18-Nov,Oak Haven Park,"1251 Garden Gate Dr, Brentwood Bay, BC V8M 2H6",160,160.0,2,2.0,,Scotch broom ,Scotch broom,30,Removed dense patch and some sparse patches of scotch broom in between two populations of slim leaf onion 
78,2023,22-Jun,Camas Hill,-,175,175.0,6,6.0,,Scotch broom,Scotch broom,36.5,Juniper joining the crew in the field for veg. survey
79,2023,23-Jun,Camas Hill,-,175,175.0,5,5.0,,Scotch broom,Scotch broom,22.5,Max to CGOP
82,2024,04-Jul,Camas Hill,-,182,182.0,3,3.0,,Scotch Broom ,Scotch broom,30,Small regrowth and mature seeding broom
81,2024,03-Jul,Camas Hill,-,195,195.0,2.5,2.5,,Scotch Broom ,Scotch broom,30,Removed small regrowth Scotch Broom 
86,2025,14-Aug,Oak Haven Park,"1251 Garden Gate Dr, Brentwood Bay, BC V8M 2H6",195.94,195.9,1,1.0,,Scotch broom ,Scotch broom,22.5,"Crew finished work at the Funk property in one day so headed to Oak Haven Parkto removed scotch broom regrowth in senstive SAR areas. Removed dense patch of medium sized scotch broom regrowth in depression area where slimleaf onion population exists. Crew carefully pulled broom to remove and, only when needed, cut stems under surface to carefully cut root stem to avoid possibly damaging SLO bulbs."
34,2023,24-Aug,Matson Conservation Area,https://maps.app.goo.gl/MN9fpJThnJ7iHBCs13,200,200.0,2.8,2.8,,English Ivy,English Ivy,37.5,
71,2023,06-Jun,Yates,-,200,200.0,0.75,0.8,,Scotch broom,Scotch broom,30,Aislyn Homer Monitoring
75,2023,14-Jun,Camas Hill,-,200,200.0,2,2.0,,Scotch broom,Scotch broom,37.5,
107,2024,06-Nov,Oak Haven Park,"1251 Garden Gate Dr, Brentwood Bay, BC V8M 2H6",211.1,211.1,1,1.0,,Scotch broom,Scotch broom,30,Removed dense patch of small scotch broom near patch of naturally occurring SARA slim leaf onion
49,2024,07-Oct,Matson Conservation Area,https://maps.app.goo.gl/MN9fpJThnJ7iHBCs9,213,213.0,0.5,0.5,,Orchardgrass,Orchard grass,15,Prep for seeding meadow
17,2022,25-Oct,Oak Haven Park,"1267 Garden Gate Dr, Brentwood Bay, BC V8M 2H6",250,250.0,4,4.0,,Daphne,Daphne,22.5,
18,2022,26-Oct,Oak Haven Park,"1268 Garden Gate Dr, Brentwood Bay, BC V8M 2H6",250,250.0,4,4.0,,Daphne,Daphne,15,
19,2022,27-Oct,Oak Haven Park,"1269 Garden Gate Dr, Brentwood Bay, BC V8M 2H6",250,250.0,4,4.0,,Daphne,Daphne,22.5,
20,2022,31-Oct,Oak Haven Park,"1270 Garden Gate Dr, Brentwood Bay, BC V8M 2H6",250,250.0,3,3.0,,Daphne,Daphne,15,
21,2022,01-Nov,Oak Haven Park,"1271 Garden Gate Dr, Brentwood Bay, BC V8M 2H6",250,250.0,3,3.0,,Daphne,Daphne,22.5,
22,2022,02-Nov,Oak Haven Park,"1272 Garden Gate Dr, Brentwood Bay, BC V8M 2H6",250,250.0,3,3.0,,Daphne,Daphne,15,
26,2022,09-Nov,Oak Haven Park,"1276 Garden Gate Dr, Brentwood Bay, BC V8M 2H6",250,250.0,3,3.0,,Daphne,Daphne,15,
28,2022,15-Nov,Oak Haven Park,"1278 Garden Gate Dr, Brentwood Bay, BC V8M 2H6",250,250.0,4,4.0,,Daphne,Daphne,15,
29,2022,16-Nov,Oak Haven Park,"1279 Garden Gate Dr, Brentwood Bay, BC V8M 2H6",250,250.0,3,3.0,,Daphne,Daphne,15,
25,2022,08-Nov,Oak Haven Park,"1275 Garden Gate Dr, Brentwood Bay, BC V8M 2H6",300,300.0,4,4.0,,Daphne,Daphne,15,
62,2025,20-May,Camas Hill,-,308.4,308.4,2,2.0,,Scotch Broom ,Scotch broom,22.5,Removed scotch broom regrowth in larger extent SLO-4 polygon from CESI report from 2011. Found 2-3 patch’s of SLO and flagged out 1 patch. Need to flag remaining patches. 
94,2025,16-Sep,Purple Sanicle,-,315,315.0,1.3,1.3,,Scotch broom ,Scotch broom,37.5,Crew removed scotch broom from area near purple sanicle SAR sub-population. Andrea from ECCC came to a site visit and crew showed them what they were doing along with site maps and reports. 
83,2024,05-Jul,Camas Hill,-,338,338.0,3,3.0,,Scotch Broom ,Scotch broom,30,Small sparse regrowth and mature seeding broom
218,2024,20-Sep,Havenwood Park,https://maps.app.goo.gl/9sGJisW8esQFWvoY8,342,342.0,2.5,2.5,,Hymalayan Blackberry ,Himalayan blackberry,30,Removed mature Hymalayan blackberry (crown roots and biomass) with friends of havenwood volunteers at one location & small blackberry regrowth at the grad corner  
5,2023,18-Aug,Oak Haven Park,"1254 Garden Gate Dr, Brentwood Bay, BC V8M 2H6",350,350.0,3,3.0,,Daphne,Daphne,30,"Lauren off, Aislyn off"
7,2023,30-Aug,Oak Haven Park,"1257 Garden Gate Dr, Brentwood Bay, BC V8M 2H6",400,400.0,7,7.0,,Daphne,Daphne,45,
15,2022,14-Oct,Oak Haven Park,"1266 Garden Gate Dr, Brentwood Bay, BC V8M 2H6",400,400.0,5,5.0,,Daphne,Daphne,15,
23,2022,03-Nov,Oak Haven Park,"1273 Garden Gate Dr, Brentwood Bay, BC V8M 2H6",400,400.0,4,4.0,,Daphne,Daphne,22.5,
24,2022,07-Nov,Oak Haven Park,"1274 Garden Gate Dr, Brentwood Bay, BC V8M 2H6",400,400.0,3,3.0,,Daphne,Daphne,22.5,
73,2023,12-Jun,Camas Hill,-,400,400.0,8,8.0,,Scotch broom,Scotch broom,37.5,Site Orientation Day - Meet Graham and Shelley - Covenant Monitoring
74,2023,13-Jun,Camas Hill,-,400,400.0,10,10.0,,Scotch broom,Scotch broom,28.5,Vanessa left early for appointment (used banked hours). Aislyn in office. 
76,2023,15-Jun,Camas Hill,-,400,400.0,10,10.0,,Scotch broom,Scotch broom,28,
89,2023,29-Aug,Camas Hill,-,400,400.0,8,8.0,,Scotch broom,Scotch broom,37.5,
64,2025,21-May,Camas Hill,-,447.5,447.5,3,3.0,,Scotch Broom ,Scotch broom,22.5,"Removed scotch broom regrowth and some mature broom from SLO-4Polygom. Also flagged extent of SLO, SAR population. Some areas within contain denser patches, others are more sparsely distributed. Some maybe misidentified as nodding onion. SLO seem to grow in gully areas, more dense around rocks and larger individuals in moist areas. Neal & Gavin will return to do a species count when SLO are in bloom. They can reflag population and re-map extent then. "
85,2024,13-Aug,Yates,-,466,466.0,2,2.0,,Scotch Broom ,Scotch broom,30,Removed sm-lrg scotch broom. 
50,2024,11-Oct,Matson Conservation Area,https://maps.app.goo.gl/MN9fpJThnJ7iHBCs9,490,490.0,3,3.0,,Orchard grass,Orchard grass,22.5,"Swept area and removed orchard grass, completed mowing and seeding of Exclosure #2  "
27,2022,14-Nov,Oak Haven Park,"1277 Garden Gate Dr, Brentwood Bay, BC V8M 2H6",500,500.0,3,3.0,,Daphne,Daphne,22.5,
118,2025,06-May,Oak Haven Park,"1251 Garden Gate Dr, Brentwood Bay, BC V8M 2H6",509.9,509.9, , ,,Shiny geranium,Shiny geranium,25,"Completed removing shiny geranium from polygon 6 in one day on north side of trail near SAR population. Patch dense near SAR population and then sparsely spread towards the west area of polygon A lot of the geranium was large, very easy to pull, and flowering. Appears that the area has been treated before, likely by CRD. There was one patch of dense geranium in high snowberry and sparse individuals throughout. Them started removing shiny g from south side of trail , polygon 7. Shiny g dense in some areas, spares in others. Area treated by HAT crew in 2023, and possibly CRD when they cut back snowberry. "
56,2025,17-Apr,Yates,-,511,511.0,4.7,4.7,,Scotch Broom ,Scotch broom,27.5,Crew manually removed scotch broom by pulling and cutting under soil. Removed from SB4.3 that contans  larger mature flowering broom and smaller densely packed flowering brooms. There has been deer browsing so broom appears small but has flower buds. 
93,2025,15-Sep,Purple Sanicle,-,545,545.0,0.8,0.8,,Scotch broom ,Scotch broom,30,"Swept though 2024 treated patches to remove (pretty sparse!) broom regrowth in purple sanicle areas. Moved on to increase buffer zones around purple sanicle, then to area containing chocolate lily. Most broom small to medium sized.  "
55,2025,16-Apr,Yates,-,552,552.0,3.1,3.1,,Scotch Broom,Scotch broom,37.5,Crew manually removed scotch broom by pulling and cutting under soil. Removed from SB5 that comains patches of chocolate lily. Then from SB4.2 that contans  larger mature flowering broom and smaller densely packed flowering brooms. There has been deer browsing so broom appears small but has flower buds. 
91,2025,10-Sep,Calypso Woods,-,594.84,594.8,3,3.0,,Scotch broom ,Scotch broom,30,Crew removed large dense patch of regrowth or medium sized new growth scotch broom that has gone to seed in the most SW end of the covenant. They also began removing from a smaller patch right on the edge of the covenant boundary but didn't fully complete removal. They put biomass into two piles in carefully chosen ares to not smother native plants.  
88,2023,28-Aug,Camas Hill,-,650,650.0,10,10.0,,Scotch broom,Scotch broom,30,Neal off/Lauren crew lead 
54,2025,15-Apr,Yates,-,666,666.0,2.2,2.2,,Scotch broom,Scotch broom,37.5,"Pulling and cutting mature broom on steep slope then switching to flat road with more gravelly soil, used mostly loppers and secateurs cutting below first lateral root or hamd pulling small one that did not disturb soil. Finished SB3, then for an hour at end of day started SB4. "
66,2025,26-May,Camas Hill,-,719.3,719.3,4.5,4.5,,Scotch Broom ,Scotch broom,30,"Scotch broom manually removed (loppers, secateurs, below first lateral root) in sharp tailed snake area, focusing on creating a buffer around ACO’s"
8,2022,09-Sep,Oak Haven Park,"1253 Garden Gate Dr, Brentwood Bay, BC V8M 2H6",750,750.0,2,2.0,,Daphne,Daphne,22.5,
61,2025,16-May,Camas Hill,-,814,814.0,1.2,1.2,,scotch broom ,Scotch broom,22.5,Removed scotch broom regrowth from area within polygon 4-SLO from  CESI 2001 report which contains Slim leaf onion population. Scotch broom was small to medium sized and sparse. Broom was pulled or cut below soil. Biomass was left in spice bags in an area free of native plants because covenant too sensitive currently to roll bags down hill. Crew will return in fall to remove bags. SLO was found and mapped on gaia in the polygon. 
68,2023,01-Jun,Yates,-,900,900.0,1.75,1.8,,Scotch broom,Scotch broom,37.5,
67,2023,29-May,Yates,-,1000,1000.0,2.5,2.5,,Scotch broom,Scotch broom,37.5,Broom sweep over old logging road; targeted blooming broom plants.
63,2024,21-May,Yates,-,1015,1015.0,8,8.0,,Scotch Broom ,Scotch broom,30,"Removed flowering broom, left smaller non- flowering broom "
59,2025,09-May,Camas Hill,-,1237,1237.0,1.5,1.5,,Scotch broom ,Scotch broom,22.5,Removed scotch broom from area that contains 2 slim leaf onion patches observed in 2024. Area to camas hill too sensitive to drag or roll spice bags down hill so leaving on site to return in late summer and remove. 
57,2025,21-Apr,Yates,-,1370,1370.0,5,5.0,,Scotch Broom,Scotch broom,37.5,Removed dense patches containing flowering scotch broom in SB4.4 & SB4.5. Removed dense patch (SB6.1) of small browsed flowering scotch broom and plants that contain mangos. 
65,2024,23-May,Yates,-,1451,1451.0,6,6.0,,Scotch Broom ,Scotch broom,22.5,"Removed flowering broom, left smaller non- flowering broom "
60,2025,12-May,Camas Hill,-,1460,1460.0,2.5,2.5,,Scotch Broom ,Scotch broom,30,Removed scotch broom regrowth from area within polygon 4-SLO from  CESI 2001 report which contains Slim leaf onion population. Scotch broom was small to medium sized and sparse. Broom was pulled or cut below soil. Biomass was left in spice bags in an area free of native plants because covenant too sensitive currently to roll bags down hill. Crew will return in fall to remove bags. 
77,2023,20-Jun,Funk,-,1513,1513.0,5,5.0,,Scotch broom,Scotch broom,34.5,Mt. Matheson Monitoring (Gilbert/Funk) (whole crew)
58,2025,22-Apr,Yates,-,1587,1587.0,2,2.0,,Scotch broom,Scotch broom,33,"continued in SB6 removing area with small dense flowering broom, and medium flowering broom. Manual removal of flowering, with buds, and woody small plants."
53,2025,14-Apr,Yates,-,1799,1799.0,2,2.0,,Scotch Broom,Scotch broom,37.5,Swept north areas of Site-D & F for flowering scotch broom. Removed manually-pulling and. Cutting under soil with loppers or seccateurs. 
87,2024,15-Aug,Yates,-,2193,2193.0,1.5,1.5,,Scotch Broom ,Scotch broom,30,Removed lrg flower broom in Site B & sm-lrg broom in Site F. 
69,2024,03-Jun,Yates,-,2559,2559.0,3,3.0,,Scotch Broom ,Scotch broom,22.5,"Removed flowering broom, left smaller non- flowering broom "
70,2024,04-Jun,Yates,-,2714,2714.0,3.5,3.5,,Scotch Broom ,Scotch broom,30,"Removed flowering broom, left smaller non- flowering broom "
90,2024,03-Sep,Funk,-,3549,3549.0,4,4.0,,Scotch Broom ,Scotch broom,30,Removed broom regrowth from area cleared by HAT last year; removed mature broom from other areas on property
92,2025,11-Sep,Yates,-,3757,3757.0,0.7,0.7,,Scotch broom ,Scotch broom,22.5,"Crew helped build pond inflow walls using logs, rocks, and soil. Then, they swept various areas, highlighted by Morgan, removing daphne, scotch broom, holly, and some cyclamen. They left biomass in burn piles for Morgan separating the daphne and Holly to be disposed of serparatly..  "
72,2024,07-Jun,Yates,-,5223,5223.0,3,3.0,,Scotch Broom ,Scotch broom,30,Removed flowering broom and lrg non- flowering broom in shady areas 
84,2025,13-Aug,Funk,-,5344.7,5344.7,3,3.0,,Scotch broom ,Scotch broom,22.5,"Crew and Funk family members swept certain areas of the property removing scotch broom regrowth. Lauren- for mapping add large meadow area from 2023&2024 to mao as an area we swept this year as well, note that in that area regrowth was extremely sparse  and small and has significantly decreased in regrowth since 2023 & 2024. "
1,2025,18-Sep,Matson Conservation Area,https://maps.app.goo.gl/MN9fpJThnJ7iHBCs9,448,224.0,0.3,0.2,"estimate 1/2 of biomass, area, and work hours","Creeping buttercup, Reed canary grass",Creeping buttercup,18,"Crew started off removing creeping buttercup from outflow, wet land area, did not complete that area. Then crew moved onto removing reed canary grass from west end of covenant in deer Exclosure area and woodland area leading up to path.  "
6,2023,21-Aug,Oak Haven Park,"1255 Garden Gate Dr, Brentwood Bay, BC V8M 2H6",500,250.0,4,2.0,"estimate 1/2 of biomass, area, and work hours","Daphne, English Ivy",Daphne,40,
9,2022,15-Sep,Oak Haven Park,"1257 Garden Gate Dr, Brentwood Bay, BC V8M 2H6",2400,1200.0,5,2.5,"estimate 1/2 of biomass, area, and work hours","Daphne, English Ivy",Daphne,30,
13,2022,11-Oct,Oak Haven Park,"1264 Garden Gate Dr, Brentwood Bay, BC V8M 2H6",500,250.0,8,4.0,"estimate 1/2 of biomass, area, and work hours","Blackberry, Daphne",Daphne,22.5,
33,2023,21-Aug,Oak Haven Park,"1255 Garden Gate Dr, Brentwood Bay, BC V8M 2H6",500,250.0,4,2.0,"estimate 1/2 of biomass, area, and work hours","Daphne, English Ivy",English Ivy,40,
37,2022,15-Sep,Oak Haven Park,"1257 Garden Gate Dr, Brentwood Bay, BC V8M 2H6",2400,1200.0,5,2.5,"estimate 1/2 of biomass, area, and work hours","Daphne, English Ivy",English Ivy,30,
45,2022,11-Oct,Oak Haven Park,"1264 Garden Gate Dr, Brentwood Bay, BC V8M 2H6",500,250.0,8,4.0,"estimate 1/2 of biomass, area, and work hours","Blackberry, Daphne",Himalayan blackberry,22.5,
52,2025,18-Sep,Matson Conservation Area,https://maps.app.goo.gl/MN9fpJThnJ7iHBCs9,448,224.0,0.3,0.2,"estimate 1/2 of biomass, area, and work hours","Creeping buttercup, reed canary grass",Reed canary grass,18,"Crew started off removing creeping buttercup from outflow, wet land area, did not complete that area. Then crew moved onto removing reed canary grass from west end of covenant in deer Exclosure area and woodland area leading up to path.  "
128,2023,11-May,Matson Conservation Area,https://maps.app.goo.gl/MN9fpJThnJ7iHBCs9,20,10.0,1.2,0.6,"estimate 1/2 of biomass, area, and work hours","English ivy, Himalayan blackberry",English Ivy,30,
129,2023,11-May,Matson Conservation Area,https://maps.app.goo.gl/MN9fpJThnJ7iHBCs9,20,10.0,1.2,0.6,"estimate 1/2 of biomass, area, and work hours","English ivy, Himalayan blackberry",Himalayan blackberry,30,
130,2023,15-May,Matson Conservation Area,https://maps.app.goo.gl/MN9fpJThnJ7iHBCs10,30,15.0,1.3,0.7,"estimate 1/2 of biomass, area, and work hours","English ivy, Himalayan blackberry",English Ivy,37.5,Noticed that camas and sea blush in meadow had been heavily browsed. 
131,2023,15-May,Matson Conservation Area,https://maps.app.goo.gl/MN9fpJThnJ7iHBCs10,30,15.0,1.3,0.7,"estimate 1/2 of biomass, area, and work hours","English ivy, Himalayan blackberry",Himalayan blackberry,37.5,Noticed that camas and sea blush in meadow had been heavily browsed. 
132,2023,16-May,Matson Conservation Area,https://maps.app.goo.gl/MN9fpJThnJ7iHBCs11,60,20.0,1.8,0.6,"estimate 1/3 of biomass, area, and work hours","English ivy, Himalayan blackberry, European privet",English Ivy,37.5,
133,2023,16-May,Matson Conservation Area,https://maps.app.goo.gl/MN9fpJThnJ7iHBCs11,60,20.0,1.8,0.6,"estimate 1/3 of biomass, area, and work hours","English ivy, Himalayan blackberry, European privet",Himalayan blackberry,37.5,
134,2023,16-May,Matson Conservation Area,https://maps.app.goo.gl/MN9fpJThnJ7iHBCs11,60,20.0,1.8,0.6,"estimate 1/3 of biomass, area, and work hours","English ivy, Himalayan blackberry, European privet",European privet,37.5,
135,2023,17-May,Matson Conservation Area,https://maps.app.goo.gl/MN9fpJThnJ7iHBCs12,40,13.3,1.7,0.6,"estimate 1/3 of biomass, area, and work hours","English Ivy, Himalayan blackberry, orchard grass",English Ivy,37.5,
136,2023,17-May,Matson Conservation Area,https://maps.app.goo.gl/MN9fpJThnJ7iHBCs12,40,13.3,1.7,0.6,"estimate 1/3 of biomass, area, and work hours","English Ivy, Himalayan blackberry, orchard grass",Himalayan blackberry,37.5,
137,2023,17-May,Matson Conservation Area,https://maps.app.goo.gl/MN9fpJThnJ7iHBCs12,40,13.3,1.7,0.6,"estimate 1/3 of biomass, area, and work hours","English Ivy, Himalayan blackberry, orchard grass",Orchard grass,37.5,
138,2023,19-May,Matson Conservation Area,https://maps.app.goo.gl/MN9fpJThnJ7iHBCs13,100,50.0,15,7.5,"estimate 1/2 of biomass, area, and work hours","English ivy, Himalayan blackberry",English Ivy,37.5,Volunteer event 1-5pm with Tiffany Joseph. Approximately 30 volunteers. 
139,2023,19-May,Matson Conservation Area,https://maps.app.goo.gl/MN9fpJThnJ7iHBCs13,100,50.0,15,7.5,"estimate 1/2 of biomass, area, and work hours","English ivy, Himalayan blackberry",Himalayan blackberry,37.5,Volunteer event 1-5pm with Tiffany Joseph. Approximately 30 volunteers. 
140,2023,23-May,Oak Haven Park,"1251 Garden Gate Dr, Brentwood Bay, BC V8M 2H6",50,25.0,1,0.5,"estimate 1/2 of biomass, area, and work hours","Scotch broom, Daphne",Scotch broom,37.5,
141,2023,23-May,Oak Haven Park,"1251 Garden Gate Dr, Brentwood Bay, BC V8M 2H6",50,25.0,1,0.5,"estimate 1/2 of biomass, area, and work hours","Scotch broom, Daphne",Daphne,37.5,
142,2023,24-May,Matson Conservation Area,https://maps.app.goo.gl/MN9fpJThnJ7iHBCs13,100,20.0,2,0.4,"estimate 1/5 of biomass, area, and work hours","English Ivy, Scotch broom, Himalayan blackberry, invasive garlic, invasive sedge",English Ivy,37.5,One large invasive sedge plant left at base of rocks off of Grant Street - should let Matson Maddocks know. 
143,2023,24-May,Matson Conservation Area,https://maps.app.goo.gl/MN9fpJThnJ7iHBCs13,100,20.0,2,0.4,"estimate 1/5 of biomass, area, and work hours","English Ivy, Scotch broom, Himalayan blackberry, invasive garlic, invasive sedge",Scotch broom,37.5,One large invasive sedge plant left at base of rocks off of Grant Street - should let Matson Maddocks know. 
144,2023,24-May,Matson Conservation Area,https://maps.app.goo.gl/MN9fpJThnJ7iHBCs13,100,20.0,2,0.4,"estimate 1/5 of biomass, area, and work hours","English Ivy, Scotch broom, Himalayan blackberry, invasive garlic, invasive sedge",Himalayan blackberry,37.5,One large invasive sedge plant left at base of rocks off of Grant Street - should let Matson Maddocks know. 
145,2023,24-May,Matson Conservation Area,https://maps.app.goo.gl/MN9fpJThnJ7iHBCs13,100,20.0,2,0.4,"estimate 1/5 of biomass, area, and work hours","English Ivy, Scotch broom, Himalayan blackberry, invasive garlic, invasive sedge",Garlic,37.5,One large invasive sedge plant left at base of rocks off of Grant Street - should let Matson Maddocks know. 
146,2023,24-May,Matson Conservation Area,https://maps.app.goo.gl/MN9fpJThnJ7iHBCs13,100,20.0,2,0.4,"estimate 1/5 of biomass, area, and work hours","English Ivy, Scotch broom, Himalayan blackberry, invasive garlic, invasive sedge",Sedge,37.5,One large invasive sedge plant left at base of rocks off of Grant Street - should let Matson Maddocks know. 
147,2023,26-May,Havenwood Park,https://maps.app.goo.gl/9sGJisW8esQFWvoY8,200,100.0,15,7.5,"estimate 1/2 of biomass, area, and work hours","Scotch broom, Himalayan blackberry",Scotch broom,37.5,
148,2023,26-May,Havenwood Park,https://maps.app.goo.gl/9sGJisW8esQFWvoY8,200,100.0,15,7.5,"estimate 1/2 of biomass, area, and work hours","Scotch broom, Himalayan blackberry",Himalayan blackberry,37.5,
149,2023,30-May,Yates,-,22000,11000.0,2,1.0,"estimate 1/2 of biomass, area, and work hours","Scotch broom, Daphne",Scotch broom,30,Broom sweep over most of property; targeted blooming broom plants. 
150,2023,30-May,Yates,-,22000,11000.0,2,1.0,"estimate 1/2 of biomass, area, and work hours","Scotch broom, Daphne",Daphne,30,Broom sweep over most of property; targeted blooming broom plants. 
151,2023,31-May,Yates,-,22000,11000.0,1.75,0.9,"estimate 1/2 of biomass, area, and work hours","Scotch broom, Daphne",Scotch broom,34,Broom sweep over remainder of property; targeted blooming broom plants. 
152,2023,31-May,Yates,-,22000,11000.0,1.75,0.9,"estimate 1/2 of biomass, area, and work hours","Scotch broom, Daphne",Daphne,34,Broom sweep over remainder of property; targeted blooming broom plants. 
153,2023,07-Jun,Oak Haven Park,"1251 Garden Gate Dr, Brentwood Bay, BC V8M 2H6",100,50.0,2,1.0,"estimate 1/2 of biomass, area, and work hours","Shiny geranium, Daphne",Shiny geranium,37.5,VNFC + Christina Joining the crew at OHP
154,2023,07-Jun,Oak Haven Park,"1251 Garden Gate Dr, Brentwood Bay, BC V8M 2H6",100,50.0,2,1.0,"estimate 1/2 of biomass, area, and work hours","Shiny geranium, Daphne",Daphne,37.5,VNFC + Christina Joining the crew at OHP
155,2024,10-Jun,Bear Hill,-,305,305.0,18,18.0,??,Several native & invasive species ,Misc Species,34,Trail maintenance to clear a fire right of way on a HAT site 
156,2023,19-Jun,Matson Conservation Area,https://maps.app.goo.gl/MN9fpJThnJ7iHBCs13,75,37.5,2.5,1.3,"estimate 1/2 of biomass, area, and work hours","English ivy, Himalayan blackberry",English Ivy,37.5,ĆENŦEḴI New Moon event at Matson - w/ UVic Class
157,2023,19-Jun,Matson Conservation Area,https://maps.app.goo.gl/MN9fpJThnJ7iHBCs13,75,37.5,2.5,1.3,"estimate 1/2 of biomass, area, and work hours","English ivy, Himalayan blackberry",Himalayan blackberry,37.5,ĆENŦEḴI New Moon event at Matson - w/ UVic Class
158,2024,16-Jul,Bear Hill,-,424,424.0,15,15.0,??,Several native & invasive species ,Misc Species,34,"Trail maintenance to clear a fire right of way on a HAT site; and removed lrg flowering scotch broom near look out, and piled in 2 lrg piles. "
159,2023,17-Jul,Matson Conservation Area,https://maps.app.goo.gl/MN9fpJThnJ7iHBCs13,136.61,45.5,1.3,0.4,"estimate 1/3 of biomass, area, and work hours","Himalayan Blackberry, English Ivy, Broom",Himalayan blackberry,37.5,
160,2023,17-Jul,Matson Conservation Area,https://maps.app.goo.gl/MN9fpJThnJ7iHBCs13,136.61,45.5,1.3,0.4,"estimate 1/3 of biomass, area, and work hours","Himalayan Blackberry, English Ivy, Broom",English Ivy,37.5,
161,2023,17-Jul,Matson Conservation Area,https://maps.app.goo.gl/MN9fpJThnJ7iHBCs13,136.61,45.5,1.3,0.4,"estimate 1/3 of biomass, area, and work hours","Himalayan Blackberry, English Ivy, Broom",Scotch broom,37.5,
162,2023,19-Jul,Matson Conservation Area,https://maps.app.goo.gl/MN9fpJThnJ7iHBCs13,150,37.5,1.9,0.5,"estimate 1/4 of biomass, area, and work hours","Himalayan Blackberry, English Ivy, Cleaver, Sedges ",Himalayan blackberry,27.5,Aislyn in Office. May not have removed all non-native sedges because we were having a hard time identifying without seed heads (previously removed). Will need to check again for non-native sedges in 'Polygon 2 sedges' next year. Lauren crew lead 
163,2023,19-Jul,Matson Conservation Area,https://maps.app.goo.gl/MN9fpJThnJ7iHBCs13,150,37.5,1.9,0.5,"estimate 1/4 of biomass, area, and work hours","Himalayan Blackberry, English Ivy, Cleaver, Sedges ",English Ivy,27.5,Aislyn in Office. May not have removed all non-native sedges because we were having a hard time identifying without seed heads (previously removed). Will need to check again for non-native sedges in 'Polygon 2 sedges' next year. Lauren crew lead 
164,2023,19-Jul,Matson Conservation Area,https://maps.app.goo.gl/MN9fpJThnJ7iHBCs13,150,37.5,1.9,0.5,"estimate 1/4 of biomass, area, and work hours","Himalayan Blackberry, English Ivy, Cleaver, Sedges ",Cleavers,27.5,Aislyn in Office. May not have removed all non-native sedges because we were having a hard time identifying without seed heads (previously removed). Will need to check again for non-native sedges in 'Polygon 2 sedges' next year. Lauren crew lead 
165,2023,19-Jul,Matson Conservation Area,https://maps.app.goo.gl/MN9fpJThnJ7iHBCs13,150,37.5,1.9,0.5,"estimate 1/4 of biomass, area, and work hours","Himalayan Blackberry, English Ivy, Cleaver, Sedges ",Sedge,27.5,Aislyn in Office. May not have removed all non-native sedges because we were having a hard time identifying without seed heads (previously removed). Will need to check again for non-native sedges in 'Polygon 2 sedges' next year. Lauren crew lead 
166,2023,20-Jul,Matson Conservation Area,https://maps.app.goo.gl/MN9fpJThnJ7iHBCs13,50,25.0,0.8,0.4,"estimate 1/2 of biomass, area, and work hours","English ivy, Himalayan blackberry",English Ivy,17,Whitney-Griffiths Monitoring 
167,2023,20-Jul,Matson Conservation Area,https://maps.app.goo.gl/MN9fpJThnJ7iHBCs13,50,25.0,0.8,0.4,"estimate 1/2 of biomass, area, and work hours","English ivy, Himalayan blackberry",Himalayan blackberry,17,Whitney-Griffiths Monitoring 
168,2023,21-Jul,Matson Conservation Area,https://maps.app.goo.gl/MN9fpJThnJ7iHBCs13,50,25.0,0.5,0.3,"estimate 1/2 of biomass, area, and work hours","English Ivy, Daphne",English Ivy,15,Lauren Off - Nina in Office
169,2023,21-Jul,Matson Conservation Area,https://maps.app.goo.gl/MN9fpJThnJ7iHBCs13,50,25.0,0.5,0.3,"estimate 1/2 of biomass, area, and work hours","English Ivy, Daphne",Daphne,15,Lauren Off - Nina in Office
170,2024,24-Jul,Matson Conservation Area,https://maps.app.goo.gl/MN9fpJThnJ7iHBCs9,443,110.8,1.2,0.3,"estimate 1/4 of biomass, area, and work hours","Hanging sedge, h.blackberry,ivy,thistle",Sedge,30.5,"Removed h.sedge from dense patch, then did sweeps for regrowth in meadows (and worked on monitoring plan)"
171,2024,24-Jul,Matson Conservation Area,https://maps.app.goo.gl/MN9fpJThnJ7iHBCs9,443,110.8,1.2,0.3,"estimate 1/4 of biomass, area, and work hours","Hanging sedge, h.blackberry,ivy,thistle",Himalayan blackberry,30.5,"Removed h.sedge from dense patch, then did sweeps for regrowth in meadows (and worked on monitoring plan)"
172,2024,24-Jul,Matson Conservation Area,https://maps.app.goo.gl/MN9fpJThnJ7iHBCs9,443,110.8,1.2,0.3,"estimate 1/4 of biomass, area, and work hours","Hanging sedge, h.blackberry,ivy,thistle",English Ivy,30.5,"Removed h.sedge from dense patch, then did sweeps for regrowth in meadows (and worked on monitoring plan)"
173,2024,24-Jul,Matson Conservation Area,https://maps.app.goo.gl/MN9fpJThnJ7iHBCs9,443,110.8,1.2,0.3,"estimate 1/4 of biomass, area, and work hours","Hanging sedge, h.blackberry,ivy,thistle",Thistle,30.5,"Removed h.sedge from dense patch, then did sweeps for regrowth in meadows (and worked on monitoring plan)"
174,2023,25-Jul,Matson Conservation Area,https://maps.app.goo.gl/MN9fpJThnJ7iHBCs13,45,15.0,0.8,0.3,"estimate 1/3 of biomass, area, and work hours","English ivy, Himalayan blackberry, English Hawthorn ",English Ivy,15,Calypso Woods Monitoring
175,2023,25-Jul,Matson Conservation Area,https://maps.app.goo.gl/MN9fpJThnJ7iHBCs13,45,15.0,0.8,0.3,"estimate 1/3 of biomass, area, and work hours","English ivy, Himalayan blackberry, English Hawthorn ",Himalayan blackberry,15,Calypso Woods Monitoring
176,2023,25-Jul,Matson Conservation Area,https://maps.app.goo.gl/MN9fpJThnJ7iHBCs13,45,15.0,0.8,0.3,"estimate 1/3 of biomass, area, and work hours","English ivy, Himalayan blackberry, English Hawthorn ",English hawthorn,15,Calypso Woods Monitoring
177,2024,25-Jul,Matson Conservation Area,https://maps.app.goo.gl/MN9fpJThnJ7iHBCs9,1702,567.3,0.8,0.3,"estimate 1/3 of biomass, area, and work hours","H blackberry, S broom, E ivy",Himalayan blackberry,30,"Monitoring, sweeping meadow for regrowth, ivy "
178,2024,25-Jul,Matson Conservation Area,https://maps.app.goo.gl/MN9fpJThnJ7iHBCs9,1702,567.3,0.8,0.3,"estimate 1/3 of biomass, area, and work hours","H blackberry, S broom, E ivy",Scotch broom,30,"Monitoring, sweeping meadow for regrowth, ivy "
179,2024,25-Jul,Matson Conservation Area,https://maps.app.goo.gl/MN9fpJThnJ7iHBCs9,1702,567.3,0.8,0.3,"estimate 1/3 of biomass, area, and work hours","H blackberry, S broom, E ivy",English Ivy,30,"Monitoring, sweeping meadow for regrowth, ivy "
180,2023,27-Jul,Oak Haven Park,"1252 Garden Gate Dr, Brentwood Bay, BC V8M 2H6",40,13.3,2,0.7,"estimate 1/3 of biomass, area, and work hours","Daphne, english ivy, scotch broom ",Daphne,22.5,
181,2023,27-Jul,Oak Haven Park,"1252 Garden Gate Dr, Brentwood Bay, BC V8M 2H6",40,13.3,2,0.7,"estimate 1/3 of biomass, area, and work hours","Daphne, english ivy, scotch broom ",English Ivy,22.5,
182,2023,27-Jul,Oak Haven Park,"1252 Garden Gate Dr, Brentwood Bay, BC V8M 2H6",40,13.3,2,0.7,"estimate 1/3 of biomass, area, and work hours","Daphne, english ivy, scotch broom ",Scotch broom,22.5,
183,2025,28-Jul,Matson Conservation Area,https://maps.app.goo.gl/MN9fpJThnJ7iHBCs9,128,64.0,0.2,0.1,"estimate 1/2 of biomass, area, and work hours","Himalayan blackberry, scotch broom  ",Himalayan blackberry,30,"Crew conducted monitoring the pulse transects and recorded information to delivery to Nancy Shackleford. Crew also did a brief monitoring of the two deer exclosures, built in 2024 in the main meadow area. Enclosure 1 includes: tomcat clover, seablus, camas, nodding onion, pacific sanicle,  yarrow, and mystery plant (dried seeds heads observed); Enclosure 2 includes: woolly sunflower, camas, sea blush, pacific sanicle, fools onion, and maybe California oat grass or lemons needle grass (dried seed heads observed ). Crew removed Himalayan blackberry and small amount of scotch broom from deer exclosures on the west side of the covenant, they also did a couple minor repairs to the exclosure fencing.  "
184,2025,28-Jul,Matson Conservation Area,https://maps.app.goo.gl/MN9fpJThnJ7iHBCs9,128,64.0,0.2,0.1,"estimate 1/2 of biomass, area, and work hours","Himalayan blackberry, scotch broom  ",Scotch broom,30,"Crew conducted monitoring the pulse transects and recorded information to delivery to Nancy Shackleford. Crew also did a brief monitoring of the two deer exclosures, built in 2024 in the main meadow area. Enclosure 1 includes: tomcat clover, seablus, camas, nodding onion, pacific sanicle,  yarrow, and mystery plant (dried seeds heads observed); Enclosure 2 includes: woolly sunflower, camas, sea blush, pacific sanicle, fools onion, and maybe California oat grass or lemons needle grass (dried seed heads observed ). Crew removed Himalayan blackberry and small amount of scotch broom from deer exclosures on the west side of the covenant, they also did a couple minor repairs to the exclosure fencing.  "
185,2023,22-Aug,Oak Haven Park,"1256 Garden Gate Dr, Brentwood Bay, BC V8M 2H6",600,300.0,5,2.5,"estimate 1/2 of biomass, area, and work hours","Daphne, English Ivy",Daphne,30,
186,2023,22-Aug,Oak Haven Park,"1256 Garden Gate Dr, Brentwood Bay, BC V8M 2H6",600,300.0,5,2.5,"estimate 1/2 of biomass, area, and work hours","Daphne, English Ivy",English Ivy,30,
187,2023,23-Aug,Oak Haven Park,"1257 Garden Gate Dr, Brentwood Bay, BC V8M 2H6",600,300.0,5,2.5,"estimate 1/2 of biomass, area, and work hours","Daphne, English Ivy",Daphne,37.5,
188,2023,23-Aug,Oak Haven Park,"1257 Garden Gate Dr, Brentwood Bay, BC V8M 2H6",600,300.0,5,2.5,"estimate 1/2 of biomass, area, and work hours","Daphne, English Ivy",English Ivy,37.5,
189,2024,27-Aug,Matson Conservation Area,https://maps.app.goo.gl/MN9fpJThnJ7iHBCs9,207.4,103.7,1.5,0.8,"estimate 1/2 of biomass, area, and work hours","Hymalayan Blackberry, English Ivy  ",Himalayan blackberry,22.5,Removed Hymalayan blackberry (crown roots and biomass) and English Ivy 
190,2024,27-Aug,Matson Conservation Area,https://maps.app.goo.gl/MN9fpJThnJ7iHBCs9,207.4,103.7,1.5,0.8,"estimate 1/2 of biomass, area, and work hours","Hymalayan Blackberry, English Ivy  ",English Ivy,22.5,Removed Hymalayan blackberry (crown roots and biomass) and English Ivy 
191,2025,02-Sep,Yates,-,1895,631.7,0.8,0.3,"estimate 1/3 of biomass, area, and work hours","Scotch broom, Daphne, tansy ragwort ",Scotch broom,37.5,Crew helped Morgan lay a pond liner in the area below th seasonal creek. Then crew did a sweep of the slope of site-B removing dense and small scotch broom and continued upslope into site-D
192,2025,02-Sep,Yates,-,1895,631.7,0.8,0.3,"estimate 1/3 of biomass, area, and work hours","Scotch broom, Daphne, tansy ragwort ",Daphne,37.5,Crew helped Morgan lay a pond liner in the area below th seasonal creek. Then crew did a sweep of the slope of site-B removing dense and small scotch broom and continued upslope into site-D
193,2025,02-Sep,Yates,-,1895,631.7,0.8,0.3,"estimate 1/3 of biomass, area, and work hours","Scotch broom, Daphne, tansy ragwort ",Tansy ragwort,37.5,Crew helped Morgan lay a pond liner in the area below th seasonal creek. Then crew did a sweep of the slope of site-B removing dense and small scotch broom and continued upslope into site-D
194,2025,05-Sep,Matson Conservation Area,https://maps.app.goo.gl/MN9fpJThnJ7iHBCs9,473,157.7,0.3,0.1,"estimate 1/3 of biomass, area, and work hours","Himalayan blackberry, English ivy, periwinkle. ",Himalayan blackberry,30,"Crew spent morning sharpening & cleaning tools, harvesting and drying tea for gift giving (45mins), and picking up power tools for Tlches from office. Then spent the afternoon at Matson doing a sweep of the northwestern area of the covenant removing Himalayan blackberry, English ivy, and periwinkle. "
195,2025,05-Sep,Matson Conservation Area,https://maps.app.goo.gl/MN9fpJThnJ7iHBCs9,473,157.7,0.3,0.1,"estimate 1/3 of biomass, area, and work hours","Himalayan blackberry, English ivy, periwinkle. ",English Ivy,30,"Crew spent morning sharpening & cleaning tools, harvesting and drying tea for gift giving (45mins), and picking up power tools for Tlches from office. Then spent the afternoon at Matson doing a sweep of the northwestern area of the covenant removing Himalayan blackberry, English ivy, and periwinkle. "
196,2025,05-Sep,Matson Conservation Area,https://maps.app.goo.gl/MN9fpJThnJ7iHBCs9,473,157.7,0.3,0.1,"estimate 1/3 of biomass, area, and work hours","Himalayan blackberry, English ivy, periwinkle. ",Periwinkle,30,"Crew spent morning sharpening & cleaning tools, harvesting and drying tea for gift giving (45mins), and picking up power tools for Tlches from office. Then spent the afternoon at Matson doing a sweep of the northwestern area of the covenant removing Himalayan blackberry, English ivy, and periwinkle. "
197,2022,07-Sep,Oak Haven Park,"1251 Garden Gate Dr, Brentwood Bay, BC V8M 2H6",1080,540.0,3,1.5,"estimate 1/2 of biomass, area, and work hours","Daphne, Scotch Broom",Daphne,22.5,
198,2022,07-Sep,Oak Haven Park,"1251 Garden Gate Dr, Brentwood Bay, BC V8M 2H6",1080,540.0,3,1.5,"estimate 1/2 of biomass, area, and work hours","Daphne, Scotch Broom",Scotch broom,22.5,
199,2022,08-Sep,Oak Haven Park,"1252 Garden Gate Dr, Brentwood Bay, BC V8M 2H6",1175,587.5,3,1.5,"estimate 1/2 of biomass, area, and work hours","Daphne, Scotch Broom",Daphne,30,
200,2022,08-Sep,Oak Haven Park,"1252 Garden Gate Dr, Brentwood Bay, BC V8M 2H6",1175,587.5,3,1.5,"estimate 1/2 of biomass, area, and work hours","Daphne, Scotch Broom",Scotch broom,30,
201,2024,09-Sep,Matson Conservation Area,https://maps.app.goo.gl/MN9fpJThnJ7iHBCs9,66.5,33.3,2.5,1.3,"estimate 1/2 of biomass, area, and work hours","English Ivy, Hymalayan Blackberry ",English Ivy,30,Removed Hymalayan blackberry (crown roots and biomass) and English Ivy 
202,2024,09-Sep,Matson Conservation Area,https://maps.app.goo.gl/MN9fpJThnJ7iHBCs9,66.5,33.3,2.5,1.3,"estimate 1/2 of biomass, area, and work hours","English Ivy, Hymalayan Blackberry ",Himalayan blackberry,30,Removed Hymalayan blackberry (crown roots and biomass) and English Ivy 
203,2022,12-Sep,Oak Haven Park,"1254 Garden Gate Dr, Brentwood Bay, BC V8M 2H6",1200,600.0,3,1.5,"estimate 1/2 of biomass, area, and work hours","Daphne, Holly",Daphne,22.5,
204,2022,12-Sep,Oak Haven Park,"1254 Garden Gate Dr, Brentwood Bay, BC V8M 2H6",1200,600.0,3,1.5,"estimate 1/2 of biomass, area, and work hours","Daphne, Holly",Holly,22.5,
205,2025,12-Sep,Matson Conservation Area,https://maps.app.goo.gl/MN9fpJThnJ7iHBCs9,90.79,45.4,2,1.0,"estimate 1/2 of biomass, area, and work hours","English Ivy, purple toadflax",English Ivy,21.5,"Crew monitored growth and health of Garry oak saplings planted in 2024. They then removed English Ivy and purple toadflax from steep rocky slope, that the Mattocks are no longer able to work in, located in north east area of the covenant (outflow area). "
206,2025,12-Sep,Matson Conservation Area,https://maps.app.goo.gl/MN9fpJThnJ7iHBCs9,90.79,45.4,2,1.0,"estimate 1/2 of biomass, area, and work hours","English Ivy, purple toadflax",Purple toadflax,21.5,"Crew monitored growth and health of Garry oak saplings planted in 2024. They then removed English Ivy and purple toadflax from steep rocky slope, that the Mattocks are no longer able to work in, located in north east area of the covenant (outflow area). "
207,2022,13-Sep,Oak Haven Park,"1255 Garden Gate Dr, Brentwood Bay, BC V8M 2H6",1000,500.0,3,1.5,"estimate 1/2 of biomass, area, and work hours","Daphne, Scotch Broom",Daphne,22.5,
208,2022,13-Sep,Oak Haven Park,"1255 Garden Gate Dr, Brentwood Bay, BC V8M 2H6",1000,500.0,3,1.5,"estimate 1/2 of biomass, area, and work hours","Daphne, Scotch Broom",Scotch broom,22.5,
209,2022,14-Sep,Oak Haven Park,"1256 Garden Gate Dr, Brentwood Bay, BC V8M 2H6",1200,600.0,4,2.0,"estimate 1/2 of biomass, area, and work hours","Daphne, Scotch Broom",Daphne,22.5,
210,2022,14-Sep,Oak Haven Park,"1256 Garden Gate Dr, Brentwood Bay, BC V8M 2H6",1200,600.0,4,2.0,"estimate 1/2 of biomass, area, and work hours","Daphne, Scotch Broom",Scotch broom,22.5,
211,2022,16-Sep,Oak Haven Park,"1258 Garden Gate Dr, Brentwood Bay, BC V8M 2H6",900,450.0,3,1.5,"estimate 1/2 of biomass, area, and work hours","Daphne, Scotch Broom",Daphne,22.5,
212,2022,16-Sep,Oak Haven Park,"1258 Garden Gate Dr, Brentwood Bay, BC V8M 2H6",900,450.0,3,1.5,"estimate 1/2 of biomass, area, and work hours","Daphne, Scotch Broom",Scotch broom,22.5,
213,2022,19-Sep,Oak Haven Park,"1259 Garden Gate Dr, Brentwood Bay, BC V8M 2H6",800,400.0,3,1.5,"estimate 1/2 of biomass, area, and work hours","Daphne, Scotch Broom",Daphne,22.5,
214,2022,19-Sep,Oak Haven Park,"1259 Garden Gate Dr, Brentwood Bay, BC V8M 2H6",800,400.0,3,1.5,"estimate 1/2 of biomass, area, and work hours","Daphne, Scotch Broom",Scotch broom,22.5,
215,2022,20-Sep,Oak Haven Park,"1260 Garden Gate Dr, Brentwood Bay, BC V8M 2H6",800,266.7,3,1.0,"estimate 1/3 of biomass, area, and work hours","Daphne, Scotch Broom, Blackberry",Daphne,30,
216,2022,20-Sep,Oak Haven Park,"1260 Garden Gate Dr, Brentwood Bay, BC V8M 2H6",800,266.7,3,1.0,"estimate 1/3 of biomass, area, and work hours","Daphne, Scotch Broom, Blackberry",Scotch broom,30,
217,2022,20-Sep,Oak Haven Park,"1260 Garden Gate Dr, Brentwood Bay, BC V8M 2H6",800,266.7,3,1.0,"estimate 1/3 of biomass, area, and work hours","Daphne, Scotch Broom, Blackberry",Himalayan blackberry,30,
219,2023,20-Sep,Yates,-,984.01,492.0,1,0.5,"estimate 1/2 of biomass, area, and work hours",Scotch broom and Holly ,Scotch broom,37.5,
220,2023,20-Sep,Yates,-,984.01,492.0,1,0.5,"estimate 1/2 of biomass, area, and work hours",Scotch broom and Holly ,Holly,37.5,
221,2022,21-Sep,Oak Haven Park,"1261 Garden Gate Dr, Brentwood Bay, BC V8M 2H6",800,266.7,3,1.0,"estimate 1/3 of biomass, area, and work hours","Daphne, Scotch Broom, Blackberry",Daphne,22.5,
222,2022,21-Sep,Oak Haven Park,"1261 Garden Gate Dr, Brentwood Bay, BC V8M 2H6",800,266.7,3,1.0,"estimate 1/3 of biomass, area, and work hours","Daphne, Scotch Broom, Blackberry",Scotch broom,22.5,
223,2022,21-Sep,Oak Haven Park,"1261 Garden Gate Dr, Brentwood Bay, BC V8M 2H6",800,266.7,3,1.0,"estimate 1/3 of biomass, area, and work hours","Daphne, Scotch Broom, Blackberry",Himalayan blackberry,22.5,
224,2023,21-Sep,Yates,-,138,69.0,1,0.5,"estimate 1/2 of biomass, area, and work hours",Scotch broom and Daphne ,Scotch broom,30,polygon not complete - half done. Invasive Praying mantis found on site. 
225,2023,21-Sep,Yates,-,138,69.0,1,0.5,"estimate 1/2 of biomass, area, and work hours",Scotch broom and Daphne ,Daphne,30,polygon not complete - half done. Invasive Praying mantis found on site. 
226,2022,28-Sep,Matson Conservation Area,https://maps.app.goo.gl/MN9fpJThnJ7iHBCs16,15,7.5,1,0.5,"estimate 1/2 of biomass, area, and work hours","Invasive Grasses, Ivy",Invasive Grasses,15,
227,2022,28-Sep,Matson Conservation Area,https://maps.app.goo.gl/MN9fpJThnJ7iHBCs16,15,7.5,1,0.5,"estimate 1/2 of biomass, area, and work hours","Invasive Grasses, Ivy",English Ivy,15,
228,2022,29-Sep,Matson Conservation Area,https://maps.app.goo.gl/MN9fpJThnJ7iHBCs17,20,10.0,1,0.5,"estimate 1/2 of biomass, area, and work hours","Invasive Grasses, Ivy",Invasive Grasses,22.5,
229,2022,29-Sep,Matson Conservation Area,https://maps.app.goo.gl/MN9fpJThnJ7iHBCs17,20,10.0,1,0.5,"estimate 1/2 of biomass, area, and work hours","Invasive Grasses, Ivy",English Ivy,22.5,
230,2022,30-Sep,Matson Conservation Area,https://maps.app.goo.gl/MN9fpJThnJ7iHBCs18,15,7.5,0.5,0.3,"estimate 1/2 of biomass, area, and work hours","Invasive Grasses, Ivy",Invasive Grasses,30,
231,2022,30-Sep,Matson Conservation Area,https://maps.app.goo.gl/MN9fpJThnJ7iHBCs18,15,7.5,0.5,0.3,"estimate 1/2 of biomass, area, and work hours","Invasive Grasses, Ivy",English Ivy,30,
232,2024,08-Oct,Matson Conservation Area,https://maps.app.goo.gl/MN9fpJThnJ7iHBCs9,83.7,41.9,0.8,0.4,"estimate 1/2 of biomass, area, and work hours","Orchardgrass, thatch ",Orchard grass,38,"1st round of mowing in 2 deer exclosures,  orchard grass removal in open meadow areas, completed fencing in deer Exclosure #1.  "
233,2024,08-Oct,Matson Conservation Area,https://maps.app.goo.gl/MN9fpJThnJ7iHBCs9,83.7,41.9,0.8,0.4,"estimate 1/2 of biomass, area, and work hours","Orchardgrass, thatch ",Thatch,38,"1st round of mowing in 2 deer exclosures,  orchard grass removal in open meadow areas, completed fencing in deer Exclosure #1.  "
234,2024,04-Nov,Oak Haven Park,"1251 Garden Gate Dr, Brentwood Bay, BC V8M 2H6",55,27.5,0.8,0.4,"estimate 1/2 of biomass, area, and work hours",Scotch broom and sweet vernal grass,Scotch broom,22.5,"Small patch of sweet vernal grass, mostly small to medium scotch broom removed in patch of SARA slim leaf onion"
235,2024,04-Nov,Oak Haven Park,"1251 Garden Gate Dr, Brentwood Bay, BC V8M 2H6",55,27.5,0.8,0.4,"estimate 1/2 of biomass, area, and work hours",Scotch broom and sweet vernal grass,Sweet vernal grass,22.5,"Small patch of sweet vernal grass, mostly small to medium scotch broom removed in patch of SARA slim leaf onion"