Date ,Site ,Partner,Notes,SAR to look out for,Add Notes,#,Org,Site,Days Allocated,Days Scheduled,Time Frame,
01-May,,,,,,1,HAT,Camas Hill,4,4,,
02-May,,,,,,2,HAT ,Oak Haven Park,5,5,,
03-May,,,,,,3,HAT ,Matson Conservation Area,5,10,,
04-May,,,,,,4,HAT ,Havenwood,3,1,,
06-May,,,,,,5,HAT ,Purple Sanicle,2,7,,
07-May,,,,,,,HAT ,Good Neighbours,5,5,,
08-May,,,,,,6,ITC ,Medicine Beach (Pender Island),3,3,,Cash
09-May,,,,,,7,ITC,Goldenback Fern,2,2,,Cash
10-May,Rocky Point,Department of Defence,with James Miskelley,,,8,ITC ,Mt Tuam,4,4,,Cash
11-May,,,,,,9,ITC ,Little D'Arcy,1,1,,Cash
12-May,,,,,,10,ITC ,Vanilla Leaf,0,0,,Cash
13-May,Kindwood,Nature Conservancy of Canada,,,,11,NCC,Lohbrunner,1,1,Focus on broom first,Cash
14-May,Kindwood,Nature Conservancy of Canada,,,,12,NCC,Kindwood,5,5,,Cash
15-May,Kindwood,Nature Conservancy of Canada,,,,13,NCC,Chase Woods,5,5,,Cash
16-May,Goldenback Fern,Islands Trust Council,Saltspring Day Trip with Jemma 9:00am ferry - 8:00 terminal,,,14,NCC,CGOP,4,4,,Cash
17-May,Goldenback Fern,Islands Trust Council,Saltspring Day Trip with Jemma,,,15,NCC,Reginald Hill (Salt Spring),5,5,,Cash
18-May,,,,,,16,NCC,Raymond Goodall (Salt Spring),0,0,,Cash
19-May,,,,,,,NCC,Flex Days,3,3,,Cash
20-May,VICTORIA DAY STAT,,,,,17,Wylie (Oak Bay),Oak Bay Parks,7,7,anytime,In-kind
21-May,Yates,Morgan and Carol Yates,Morning Site Orientation with Morgan,,,18,Wylie (Oak Bay),Oak Bay - Mary Tod Island,0,0,late summer,In-kind
22-May,S_ID_E_,PEPAKEN HAUTW,,,,19,Wylie (Nanaimo),Harewood Plains,2,2,late summer,In-kind
23-May,Yates,Morgan and Carol Yates,,,,20,Wylie (Cowichan),Maple Mountain,5,5,anytime after may,In-kind
24-May,Saanich Parks,Saanich Parks,,,,21,Wylie (BC Parks),Goldstream Park,2,2,late summer,In-kind
25-May,,,,,,22,PEPAKEN HAUTW,S_ID_E_,5,7,,In-kind
26-May,,,,,,23,Sarah Jim,W_Sêü_EM Ivy Project,6,6,,In-kind
27-May,Saanich Parks,Saanich Parks,,,,24,,,,,,
28-May,Saanich Parks,Saanich Parks,,,Sara N. Joining,25,Saanich Parks ,Knockan Park,,,,
29-May,Saanich Parks,Saanich Parks,,,,26,Saanich Parks ,PKOLS Summit,,,,In-kind
30-May,Saanich Parks,Saanich Parks,,,,,Saanich Parks ,Various,5,5,,In-kind
31-May,W_Sêü_EM Ivy Project,,,,Sara N. Joining,27,Morgan and Carol Yates,Yates Property,7,7,,Cash
01-Jun,,,,,,28,Department of Defence,Rocky Point ,1,3,,In Kind
02-Jun,,,,,,,Bear Hill Special Mission,Bear Hill,2,2,,
03-Jun,Yates,Morgan and Carol Yates,Cont. from last time,,,,,,,,,
04-Jun,Yates,Morgan and Carol Yates,same,,Sara N. Joining,,Satinflower,Satinflower Nurseries,,0,,
05-Jun,Oak Haven Park,Central Saanich,"Nina and Neal joining to do covenant monitoring. 
Wiley will also be coming out this day, Nina coordinating.
Ask Wiley about his opinion on priority restoration sites now. 
Lots of Daphne in shaded areas.
Shiny Geranium, Bur Chervil, Broom sweep.",,,,HAT Other,,,3,,
06-Jun,Oak Haven Park,Central Saanich,Shiny G,,,,TBD,,,0,,
07-Jun,Yates,Morgan and Carol Yates,"We are adding an additional day to work on the Yates property.
This will be the last day until we return later in August.
I have confirmed this with Morgan.",,Sara N. Joining,,Totals,,99,114,,
08-Jun,,,,,,,Bold indicates confirmed with partner,,days total,123,,
09-Jun,,,,,,,,,Left to schedule:,9,,
10-Jun,Bear Hill Special Mission,HAT,Special Mission Day with Kevin - ask Nina for details hehe,,,,,,TBD,0,,
11-Jun,Oak Haven Park,Central Saanich,,"Slimleaf onion, Western Bumblebee (check out iNat)",Sara N. Joining,,,,,,,
12-Jun,,,,,,,,,,,,
13-Jun,Kindwood,Nature Conservancy of Canada,,Western Screech Owl (ask Julianna for call playback instruction or tips),Danika Off,,,,,,,
14-Jun,W_Sêü_EM Ivy Project,Sarah Jim,Vanessa leading,,"Danika Off, Sara N. Joining",,,,,,,
15-Jun,,,,,,,,,,,,
16-Jun,,,,,,,,,,,,
17-Jun,NCC Flex,Nature Conservancy of Canada,,,,,,,,,,
18-Jun,NCC Flex,Nature Conservancy of Canada,,,,,,,,,,
19-Jun,S_ID_E_,,Nina leading,,Max First Day Back,,,,,,,
20-Jun,Oak Haven Park,,,,,,,,,,,
21-Jun,Oak Haven Park,,Indigenous peoples day,,Lauren Off,,,,,,,
22-Jun,,,,,,,,,,,,
23-Jun,,,,,,,,,,,,
24-Jun,Lohbrunner Woods,Nature Conservancy of Canada,,,,,,,,,,
25-Jun,Medicine Beach (Pender Island),Islands Trust Council,,,,,,,,,,
26-Jun,Medicine Beach (Pender Island),Islands Trust Council,,,,,,,,,,
27-Jun,Medicine Beach (Pender Island),Islands Trust Council,,,,,,,,,,
28-Jun,HAT Other, ,Day off,,,,,,,,,
29-Jun,,,,,,,,,,,,
30-Jun,,,,,,,,,,,,
01-Jul,CANADA DAY STAT,,,,,,,,,,,
02-Jul,Camas Hill,HAT,,,,,,,,,,
03-Jul,Camas Hill,HAT,,,,,,,,,,
04-Jul,Camas Hill,HAT,Dana's first day!,,,,,,,,,
05-Jul,Camas Hill,HAT,,,"Chelsea Off, Lauren Off",,,,,,,
06-Jul,,,,,,,,,,,,
07-Jul,,,,,,,,,,,,
08-Jul,Maple Mountain,North Cowichan,Meet Wylie at 8:30,,Lauren Off,,,,,,,
09-Jul,Maple Mountain,North Cowichan,,,,,,,,,,
10-Jul,Maple Mountain,North Cowichan,,,,,,,,,,
11-Jul,Maple Mountain,North Cowichan,,,,,,,,,,
12-Jul,Maple Mountain,North Cowichan,,,,,,,,,,
13-Jul,,,,,,,,,,,,
14-Jul,,,,,,,,,,,,
15-Jul,Little D'Arcy,ITC,Water Taxi (booked by Jemma),,Chelsea Off,,,,,,,
16-Jul,Bear Hill Special Mission,HAT,,,,,,,,,,
17-Jul,S_ID_E_,PEPAKEN HAUTW,volunteer event,,,,,,,,,
18-Jul,HAT Other,,Michael BBQ Day in Saltair Afternoon - Office AM,,Lauren Off,,,,,,,
19-Jul,,,,,,,,,,,,
20-Jul,,,,,,,,,,,,
21-Jul,,,,,,,,,,,,
22-Jul,,,,,,,,,,,,
23-Jul,S_ID_E_,PEPAKEN HAUTW,PEPAKEN HAUTW + HAT Staff Day - collab meeting,,,,,,,,,
24-Jul,Matson Conservation Area,HAT,,,,,,,,,,
25-Jul,Matson Conservation Area,HAT,,,,,,,,,,
26-Jul,W_Sêü_EM Ivy Project,Sarah Jim,,,,,,,,,,
27-Jul,,,,,,,,,,,,
28-Jul,,,,,,,,,,,,
29-Jul,Oak Bay Parks,,Walbran Park,,,,,,,,,
30-Jul,Oak Bay Parks,,Walbran Park,,,,,,,,,
31-Jul,Oak Bay Parks,,Walbran Park,,,,,,,,,
01-Aug,Oak Bay Parks,,Walbran Park,,,,,,,,,
02-Aug,Oak Bay Parks,,Walbran Park,,Lauren Off,,,,,,,
03-Aug,,,,,,,,,,,,
04-Aug,,,,,,,,,,,,
05-Aug,BC DAY STAT,,,,,,,,,,,
06-Aug,,,,,,,,,,,,
07-Aug,Oak Bay Parks,,Walbran Park,,,,,,,,,
08-Aug,Harewood Plains,,Nanaimo,,,,,,,,,
09-Aug,Harewood Plains,,Nanaimo,,,,,,,,,
10-Aug,,,,,,,,,,,,
11-Aug,,,,,,,,,,,,
12-Aug,Oak Bay Parks,,Walbran Park,,Danika Off,,,,,,,
13-Aug,Yates,,,,,,,,,,,
14-Aug,S_ID_E_,,,,,,,,,,,
15-Aug,Yates,,Final Day at Yates Property - snacks and drinks with Carol and Morgan  on the patio in the afternoon,,,,,,,,,
16-Aug,,,,,,,,,,,,
17-Aug,,,,,,,,,,,,
18-Aug,,,,,,,,,,,,
19-Aug,Reginald Hill (Salt Spring),Nature Conservancy of Canada,,,,,,,,,,
20-Aug,Reginald Hill (Salt Spring),Nature Conservancy of Canada,,,,,,,,,,
21-Aug,Reginald Hill (Salt Spring),Nature Conservancy of Canada,,,,,,,,,,
22-Aug,Reginald Hill (Salt Spring),Nature Conservancy of Canada,,,,,,,,,,
23-Aug,Reginald Hill (Salt Spring),Nature Conservancy of Canada,,,,,,,,,,
24-Aug,,,,,,,,,,,,
25-Aug,,,,,,,,,,,,
26-Aug,,,,,,,,,,,,
27-Aug,Matson Conservation Area,,,,,,,,,,,
28-Aug,NCC Flex,Max Site Visits,,,,,,,,,,
28-Aug,Goldstream Park,,,,,,,,,,,
29-Aug,Goldstream Park,,,,,,,,,,,
30-Aug,W_Sêü_EM Ivy Project,,,,Hannah Off,,,,,,,
31-Aug,,,,,,,,,,,,
01-Sep,,,,,,,,,,,,
02-Sep,LABOUR DAY STAT,,,,,,,,,,,
03-Sep,HAT Other,,Funk Covenant (Bring stuff to swim in the lake),Max and Nina Joining,Hannah Off,,,,,,,
04-Sep,CGOP,Nature Conservancy of Canada,,,,,,,,,,
05-Sep,CGOP,Nature Conservancy of Canada,,,,,,,,,,
06-Sep,CGOP,Nature Conservancy of Canada,,,Chelsea off,,,,,,,
07-Sep,,,,,,,,,,,,
08-Sep,,,,,,,,,,,,
09-Sep,Matson Conservation Area,"Goldie to machanic, went to Matson instead ",,,,,,,,,,
10-Sep,CGOP,Nature Conservancy of Canada,,,,,,,,,,
11-Sep,Chase Woods,Nature Conservancy of Canada,,,,,,,,,,
12-Sep,Chase Woods,Nature Conservancy of Canada,,,,,,,,,,
13-Sep,Chase Woods,Nature Conservancy of Canada,,,,,,,,,,
14-Sep,,,,,,,,,,,,
15-Sep,,,,,,,,,,,,
16-Sep,Chase Woods,Nature Conservancy of Canada,,,,,,,,,,
17-Sep,S_ID_E_,,PHAT day,,,,,,,,,
18-Sep,Chase Woods,Nature Conservancy of Canada,,,,,,,,,,
19-Sep,Kindwood,Nature Conservancy of Canada,,,,,,,,,,
20-Sep,Havenwood,,,,,,,,,,,
21-Sep,,,,,,,,,,,,
22-Sep,Sunday: Maplebank Event,,,,,,,,,,,
23-Sep,Mt Tuam,ITC,Cusheon Lake Resort,,,,,,,,,
24-Sep,Mt Tuam,ITC,Cusheon Lake Resort,,,,,,,,,
25-Sep,Mt Tuam,ITC,Cusheon Lake Resort,,,,,,,,,
26-Sep,Mt Tuam,ITC,Cusheon Lake Resort,,,,,,,,,
27-Sep,W_Sêü_EM Ivy Project,Sarah Jim,,,,,,,,,,
28-Sep,,,,,,,,,,,,
29-Sep,,,,,,,,,,,,
30-Sep,TRUTH AND RECONCILIATION STAT,,,,Lauren Off,,,,,,,
01-Oct,Metchosin Mushroom Walk,Also Purple Sanicle Orientation,,,Lauren Off,,,,,,,
02-Oct,Purple Sanicle,Rod and Heidi,,,Lauren Off,,,,,,,
03-Oct,Purple Sanicle,Rod and Heidi,,,Lauren Off,,,,,,,
04-Oct,Purple Sanicle,Rod and Heidi,,,Lauren Off,,,,,,,
05-Oct,GOERT Conference,,,,,,,,,,,
06-Oct,,,,,,,,,,,,
07-Oct,Matson Conservation Area,HAT,Site Prep,,Lauren Off,,,,,,,
08-Oct,Matson Conservation Area,HAT,Seeding,,,,,,,,,
09-Oct,                                                                                                                                                                                                                                                                                                                                                                                                                                                              ,,,,,,,,,,,
10-Oct,Matson Conservation Area,HAT,,,,,,,,,,
11-Oct,Matson Conservation Area,HAT,SNIDCEL Prep afternoon,,,,,,,,,
12-Oct,,,,,,,,,,,,
13-Oct,,,,,,,,,,,,
14-Oct,THANKSGIVING STAT,,,,,,,,,,,
15-Oct,S_ID_E_,PEPAKEN HAUTW,PHAT day,,,,,,,,,
16-Oct,Good Neighbours,HAT,Emily leading,,,,,,,,,
17-Oct,Good Neighbours,HAT,,,,,,,,,,
18-Oct,Good Neighbours,HAT,,,,,,,,,,
19-Oct,,,,,,,,,,,,
20-Oct,,,,,,,,,,,,
21-Oct,Good Neighbours,HAT,,,,,,,,,,
22-Oct,Good Neighbours,HAT,,,,,,,,,,
23-Oct,Rocky Point,DND,,,,,,,,,,
24-Oct,Rocky Point,DND,,,,,,,,,,
25-Oct,,,,,,,,,,,,
26-Oct,W_Sêü_EM Ivy Project,,,,,,,,,,,
27-Oct,,,,,,,,,,,,
28-Oct,Crew Off/Lauren Office,,,,,,,,,,,
29-Oct,Purple Sanicle,HAT,,,,,,,,,,
30-Oct,Purple Sanicle,HAT,,,,,,,,,,
31-Oct,Purple Sanicle,HAT,,,,,,,,,,
,,NOVEMBER,new  hat fiscal year,,,,,,,,,
01-Nov,Purple Sanicle,HAT,,,,,,,,,,
,,,,,,,,,,,,
,,,,,,,,,,,,
04-Nov,Oak Haven Park ,HAT,,,,,,,,,,
05-Nov,Oak Haven Park ,HAT,,,,,,,,,,
06-Nov,Oak Haven Park ,HAT,,,,,,,,,,
07-Nov,Oak Haven Park ,HAT,,,,,,,,,,
08-Nov,Cowichan Planting,HAT,,,,,,,,,,
09-Nov,,,,,,,,,,,,
,,,,,,,,,,,,
11-Nov,Remembrance Day,,,,,,,,,,,
12-Nov,Matson Conservation Area,HAT,,,,,,,,,,
13-Nov,MçWUE_ Planting,HAT,Oak Haven in the Afternoon,,,,,,,,,
14-Nov,Matson Conservation Area,HAT,,,,,,,,,,
15-Nov,,,,,,,,,,,,
,,,,,,,,,,,,
,,,,,,,,,,,,
18-Nov,Oak Haven Park ,HAT,,,,,,,,,,
19-Nov,S_ID_E_,HAT,PHAT day,,,,,,,,,
20-Nov,Wetland Planting Days at Xwaaqw'um,Stqeeye',,,,,,,,,,
21-Nov,_ENI_O_E_SET S_çPE_,PEPAKEN HAUTW,,,,,,,,,,
22-Nov,MçWUE_ Planting,HAT,,,,,,,,,,
,,,,,,,,,,,,
,,,,,,,,,,,,
25-Nov,,,,,,,,,,,,
26-Nov,,,,,,,,,,,,
27-Nov,,,,,,,,,,,,
28-Nov,,,,,,,,,,,,
29-Nov,,,,,,,,,,,,
30-Nov,W_Sêü_EM Ivy Project,Sarah Jim,,,,,,,,,,